seed,forecast_method,policy,delta,intervals,reserve_energy_mwh,reserve_used_mwh,shortfall_energy_mwh,ens_pct_of_demand,mean_reserve_mw,reserve_pct_of_forecast,expected_gap_energy_mwh,uncertainty_margin_energy_mwh,planned_capacity_gap_mwh,grid_import_energy_mwh,backup_power_limit_mw,backup_energy_limit_mwh_per_day,availability_pct,target_availability_pct,cost_reserve,cost_shortfall,total_cost,margin_violation_rate,calibration_alert_intervals
42,smart_persistence,fixed_20pct,,3240,2454.72,235.74906408452708,329.10694793571355,1.340074493140064,4.5457777777777775,23.934770594984116,90.43304998266004,4911.770944383097,2547.483994365756,14212.547314338506,12.785,51.14,76.91358024691358,,2454.72,6582.138958714271,9036.85895871427,,
42,smart_persistence,nsigma_d0.05,0.05,3240,1736.3427017791769,264.03332450410454,300.82268751613606,1.2249051957935653,3.215449447739217,16.930225948930843,90.43304998266004,2536.05851469214,890.1488628956232,14212.547314338506,12.785,51.14,81.82098765432099,95.0,1736.3427017791769,6016.453750322721,7752.7964521018985,,
42,smart_persistence,guarded_nsigma_d0.05,0.05,3240,1849.0837260870676,242.78478735308116,322.0712246671594,1.3114260754991727,3.4242291223834584,18.029508373587376,90.43304998266004,2979.7323320301025,1221.0816559256955,14212.547314338506,12.785,51.14,80.3395061728395,95.0,1849.0837260870676,6441.424493343188,8290.508219430256,0.05493827160493827,1051.0
42,smart_persistence,empirical_d0.05,0.05,3240,1699.3145109825696,223.61190321680624,341.2441088034344,1.3894952051608493,3.146878724041796,16.56918222408072,90.43304998266004,2942.6930276049084,1333.8115666049982,14212.547314338506,12.785,51.14,80.5246913580247,95.0,1699.3145109825696,6824.882176068688,8524.196687051257,,
42,local_xgboost,fixed_20pct,,3240,2454.72,211.327963492575,335.86178806083933,1.3675791964400026,4.5457777777777775,23.988451036548653,75.55779069055315,4911.770944383097,2532.6087350736493,14250.372778431556,12.785,51.14,81.32716049382715,,2454.72,6717.235761216787,9171.955761216786,,
42,local_xgboost,nsigma_d0.05,0.05,3240,1602.2884243311594,254.66148817897465,292.5282633744397,1.191131535598024,2.9672007857984433,15.658167698758602,75.55779069055315,2165.8675198560722,639.1368862154659,14250.372778431556,12.785,51.14,85.74074074074073,95.0,1602.2884243311594,5850.565267488793,7452.8536918199525,,
42,local_xgboost,guarded_nsigma_d0.05,0.05,3240,1901.0788103748514,233.5594788314105,313.63027272200384,1.2770557759036334,3.5205163155089845,18.57806021024691,75.55779069055315,2928.537035194663,1103.016015510365,14250.372778431556,12.785,51.14,84.16666666666667,95.0,1901.0788103748514,6272.605454440077,8173.684264814929,0.06111111111111111,1239.0
42,local_xgboost,empirical_d0.05,0.05,3240,1640.689792715769,249.9114246401964,297.27832691321794,1.2104730871180933,3.038314430955128,16.033440375573342,75.55779069055315,2675.398559003248,1110.266556978032,14250.372778431556,12.785,51.14,84.93827160493828,95.0,1640.689792715769,5945.566538264358,7586.256330980127,,
42,reliability_fedavg,fixed_20pct,,3240,2454.72,208.67262238363264,319.4060711838391,1.3005739673145755,4.5457777777777775,24.10298257834441,80.10441081219523,4911.770944383097,2537.1553551952916,14294.450538155394,12.785,51.14,82.34567901234567,,2454.72,6388.121423676783,8842.841423676782,,
42,reliability_fedavg,nsigma_d0.05,0.05,3240,1595.1907715922491,245.61495607407807,282.46373749339364,1.150150284660191,2.9540569844300912,15.663234656834081,80.10441081219523,2110.0252236203532,594.9388628402996,14294.450538155394,12.785,51.14,84.75308641975309,95.0,1595.1907715922491,5649.274749867873,7244.465521460122,,
42,reliability_fedavg,guarded_nsigma_d0.05,0.05,3240,1926.7463415578627,242.14567146502546,285.9330221024463,1.1642766950662786,3.568048780662709,18.91879053556332,80.10441081219523,2981.6350297284516,1134.9930989827844,14294.450538155394,12.785,51.14,84.29012345679013,95.0,1926.7463415578627,5718.660442048926,7645.406783606788,0.061419753086419754,1295.0
42,reliability_fedavg,empirical_d0.05,0.05,3240,1664.440536036444,248.9831927509918,279.0955008164799,1.1364353263893232,3.082297288956378,16.343200545388736,80.10441081219523,2638.4431856787423,1054.1070604544934,14294.450538155394,12.785,51.14,85.30864197530865,95.0,1664.440536036444,5581.910016329598,7246.350552366042,,
42,reliability_fedavg_event,fixed_20pct,,3240,2454.72,203.55849171668638,328.9599846895568,1.3394760806822323,4.5457777777777775,24.00982768370596,81.36208673277902,4911.770944383097,2538.4130311158756,14253.679152065235,12.785,51.14,76.48148148148148,,2454.72,6579.199693791135,9033.919693791135,,
42,reliability_fedavg_event,nsigma_d0.05,0.05,3240,1622.2205897194494,255.07009137618493,277.44838503005826,1.1297285161366781,3.004112203184166,15.867079269376488,81.36208673277902,2163.622849998934,622.7643470122636,14253.679152065235,12.785,51.14,85.40123456790123,95.0,1622.2205897194494,5548.967700601165,7171.188290320615,,
42,reliability_fedavg_event,guarded_nsigma_d0.05,0.05,3240,1892.794501746474,238.65453351356692,293.86394289267633,1.1965702237345874,3.5051750032342115,18.513586000683958,81.36208673277902,2924.8042676521054,1113.3718526384102,14253.679152065235,12.785,51.14,83.76543209876543,95.0,1892.794501746474,5877.2788578535265,7770.073359600001,0.058333333333333334,1231.0
42,reliability_fedavg_event,empirical_d0.05,0.05,3240,1680.0635353897844,253.1188753362456,279.39960106999763,1.1376735773458972,3.1112287692403418,16.43284610154582,81.36208673277902,2661.2340005589786,1062.532551901973,14253.679152065235,12.785,51.14,84.96913580246913,95.0,1680.0635353897844,5587.992021399952,7268.055556789736,,
43,smart_persistence,fixed_20pct,,3240,2810.4,272.66213417696997,363.38812058560217,1.2927817382344597,5.204444444444445,24.558747102878932,100.8975301254261,5621.801574670726,2912.2991047961514,16564.529820871066,14.6375,58.55,75.95679012345678,,2810.4,7267.762411712043,10078.162411712043,,
43,smart_persistence,nsigma_d0.05,0.05,3240,1975.5644862587214,308.7979941967622,327.2522605658099,1.1642255822057448,3.6584527523309656,17.263517151813573,100.8975301254261,2833.1149674913695,958.4480113580742,16564.529820871066,14.6375,58.55,82.4074074074074,95.0,1975.5644862587214,6545.045211316197,8520.609697574919,,
43,smart_persistence,guarded_nsigma_d0.05,0.05,3240,2141.7632546293917,274.6823181481978,361.36793661437423,1.2855947753208985,3.9662282493136884,18.715849033832235,100.8975301254261,3396.2922832494846,1355.4265587455193,16564.529820871066,14.6375,58.55,79.4753086419753,95.0,2141.7632546293917,7227.358732287485,9369.121986916876,0.052160493827160495,1086.0
43,smart_persistence,empirical_d0.05,0.05,3240,1946.0633769701926,264.70344061200603,371.34681415056605,1.3210954147641407,3.60382106846332,17.005721008107564,100.8975301254261,3263.839619527968,1418.6737726832012,16564.529820871066,14.6375,58.55,80.74074074074075,95.0,1946.0633769701926,7426.9362830113205,9372.999659981513,,
43,local_xgboost,fixed_20pct,,3240,2810.3999999999996,240.66060302074519,349.2895893868226,1.2426251077966262,5.2044444444444435,24.702829072701263,85.12007830297927,5621.801574670726,2896.5216529737045,16647.053215784857,14.6375,58.55,80.64814814814815,,2810.3999999999996,6985.7917877364525,9796.191787736452,,
43,local_xgboost,nsigma_d0.05,0.05,3240,1837.9016057748518,287.3314270597416,302.6187653478263,1.0765899910494476,3.403521492175652,16.15477128519049,85.12007830297927,2448.5045797927896,695.723052320917,16647.053215784857,14.6375,58.55,87.00617283950616,95.0,1837.9016057748518,6052.375306956526,7890.276912731379,,
43,local_xgboost,guarded_nsigma_d0.05,0.05,3240,2118.8908163311794,272.0767491098936,317.8734432976742,1.130859704226727,3.923871882094777,18.624607763857664,85.12007830297927,3190.5750268226857,1156.8042887944853,16647.053215784857,14.6375,58.55,85.24691358024693,95.0,2118.8908163311794,6357.468865953484,8476.359682284663,0.056790123456790124,1143.0
43,local_xgboost,empirical_d0.05,0.05,3240,1877.4386655975604,280.59777343940993,309.35241896815785,1.1005454919005282,3.476738269625112,16.502293784065216,85.12007830297927,2946.175429958357,1153.8568426637758,16647.053215784857,14.6375,58.55,85.55555555555556,95.0,1877.4386655975604,6187.048379363157,8064.487044960718,,
43,reliability_fedavg,fixed_20pct,,3240,2810.4,240.49624293181742,351.60580478566436,1.2508652257306263,5.204444444444445,24.68074529159263,91.55633980588432,5621.801574670726,2902.9579144766094,16630.437216126178,14.6375,58.55,80.83333333333333,,2810.4,7032.116095713287,9842.516095713287,,
43,reliability_fedavg,nsigma_d0.05,0.05,3240,1818.7334592891707,278.72046194398155,313.3815857735002,1.1148795688039035,3.3680249246095757,15.971995894539274,91.55633980588432,2356.6116068229894,629.4344873397032,16630.437216126178,14.6375,58.55,85.37037037037038,95.0,1818.7334592891707,6267.631715470005,8086.365174759176,,
43,reliability_fedavg,guarded_nsigma_d0.05,0.05,3240,2146.23971572384,267.0134441170792,325.0886036004026,1.1565282028633088,3.9745179920811853,18.84813398750365,91.55633980588432,3304.546299673452,1249.8629237554956,16630.437216126178,14.6375,58.55,83.64197530864197,95.0,2146.23971572384,6501.772072008052,8648.011787731892,0.05864197530864197,1238.0
43,reliability_fedavg,empirical_d0.05,0.05,3240,1904.357147129078,298.0697879946175,294.0322597228643,1.0460428238792334,3.5265873094982925,16.723937408381996,91.55633980588432,2876.6857388819994,1063.884931558806,16630.437216126178,14.6375,58.55,84.84567901234567,95.0,1904.357147129078,5880.6451944572855,7785.002341586363,,
43,reliability_fedavg_event,fixed_20pct,,3240,2810.3999999999996,231.59652085636338,323.17151924896336,1.149708024932886,5.2044444444444435,24.89319915772282,87.730610914151,5621.801574670726,2899.1321855848764,16731.446726021233,14.6375,58.55,80.80246913580247,,2810.3999999999996,6463.430384979267,9273.830384979266,,
43,reliability_fedavg_event,nsigma_d0.05,0.05,3240,1809.387499315188,269.70055397137844,285.06748613394836,1.0141499387610282,3.3507175913244227,16.02670202602727,87.730610914151,2329.9539341639966,608.2970457629597,16731.446726021233,14.6375,58.55,87.37654320987654,95.0,1809.387499315188,5701.349722678968,7510.737221994155,,
43,reliability_fedavg_event,guarded_nsigma_d0.05,0.05,3240,2102.1278765459706,246.55605703952952,308.2119830657972,1.0964883017375067,3.892829401011057,18.619658371000508,87.730610914151,3155.8641097542063,1141.4668441223862,16731.446726021233,14.6375,58.55,85.03086419753086,95.0,2102.1278765459706,6164.2396613159435,8266.367537861914,0.05740740740740741,1139.0
43,reliability_fedavg_event,empirical_d0.05,0.05,3240,1880.3854247951663,289.2684950954524,265.4995450098744,0.9445354535673912,3.48219523110216,16.655568201218795,87.730610914151,2745.378618354002,952.7238044729871,16731.446726021233,14.6375,58.55,87.03703703703704,95.0,1880.3854247951663,5309.990900197488,7190.376324992654,,
44,smart_persistence,fixed_20pct,,3240,1635.3600000000001,160.94784401317182,214.92720949255104,1.313642863293884,3.028444444444445,23.470661124334356,60.31782122343918,3272.231981737158,1697.1898029605975,9333.164477799875,8.5175,34.07,78.20987654320987,,1635.3600000000001,4298.544189851021,5933.90418985102,,
44,smart_persistence,nsigma_d0.05,0.05,3240,1148.2298175654955,169.4079169418443,206.46713656387857,1.261934592145081,2.126351514010177,16.479376370301342,60.31782122343918,1702.013427249628,614.1014309075714,9333.164477799875,8.5175,34.07,81.75925925925925,95.0,1148.2298175654955,4129.342731277571,5277.572548843067,,
44,smart_persistence,guarded_nsigma_d0.05,0.05,3240,1234.165677499484,156.98533566506921,218.88971784065365,1.3378618573640966,2.2854919953694153,17.71272648705784,60.31782122343918,1989.8546213386735,816.0067650626285,9333.164477799875,8.5175,34.07,80.30864197530863,95.0,1234.165677499484,4377.794356813073,5611.960034312557,0.04969135802469136,1043.0
44,smart_persistence,empirical_d0.05,0.05,3240,1109.596612221228,150.22138485203226,225.6536686536906,1.379203368912102,2.0548085411504227,15.92491321186398,60.31782122343918,1958.0348469029263,908.7560559051374,9333.164477799875,8.5175,34.07,80.49382716049382,95.0,1109.596612221228,4513.073373073812,5622.6699852950405,,
44,local_xgboost,fixed_20pct,,3240,1635.36,142.89447132224763,215.60388437365478,1.317778724595163,3.0284444444444443,23.520603385078484,49.680209479700125,3272.231981737158,1686.552191216858,9358.59684485944,8.5175,34.07,82.37654320987654,,1635.36,4312.0776874730955,5947.437687473095,,
44,local_xgboost,nsigma_d0.05,0.05,3240,1066.9362467114092,164.10792765266683,194.39042804323563,1.1881213136975568,1.9758078642803876,15.345235480911422,49.680209479700125,1487.9785863017116,470.7225490700025,9358.59684485944,8.5175,34.07,86.23456790123457,95.0,1066.9362467114092,3887.8085608647125,4954.744807576122,,
44,local_xgboost,guarded_nsigma_d0.05,0.05,3240,1214.8161002052627,161.04377615484412,197.45457954105828,1.206849518268163,2.2496594448245606,17.472120926729126,49.680209479700125,1877.4647208590177,712.3288301334551,9358.59684485944,8.5175,34.07,85.24691358024693,95.0,1214.8161002052627,3949.0915908211655,5163.907691026428,0.055246913580246915,1147.0
44,local_xgboost,empirical_d0.05,0.05,3240,1077.6661121804982,165.17640743623122,193.32194825967122,1.1815907266882755,1.995677985519441,15.499558021559162,49.680209479700125,1779.2525435427815,751.2666408419833,9358.59684485944,8.5175,34.07,85.15432098765432,95.0,1077.6661121804982,3866.4389651934243,4944.1050773739225,,
44,reliability_fedavg,fixed_20pct,,3240,1635.3600000000001,136.5330091256408,205.9245442909785,1.258618248585527,3.028444444444445,23.59797924865534,54.21051627191021,3272.231981737158,1691.0824980090686,9376.864478074503,8.5175,34.07,82.77777777777777,,1635.3600000000001,4118.49088581957,5753.850885819571,,
44,reliability_fedavg,nsigma_d0.05,0.05,3240,1037.9387871613505,154.064881592331,188.3926718242883,1.1514628111682634,1.9221088651136122,14.977288157230237,54.21051627191021,1388.3289291321528,404.60065824271226,9376.864478074503,8.5175,34.07,86.32716049382717,95.0,1037.9387871613505,3767.853436485766,4805.792223647117,,
44,reliability_fedavg,guarded_nsigma_d0.05,0.05,3240,1237.4220987672065,149.8468319398719,192.6107214767474,1.1772436829157475,2.2915224051244567,17.855799951408912,54.21051627191021,1903.307145440178,720.0955629448811,9376.864478074503,8.5175,34.07,85.0,95.0,1237.4220987672065,3852.2144295349476,5089.636528302154,0.061419753086419754,1222.0
44,reliability_fedavg,empirical_d0.05,0.05,3240,1084.5815023798964,159.0455488535406,183.41200456307868,1.1210207930655893,2.008484263666475,15.650334963944468,54.21051627191021,1724.437580586543,694.0665944785567,9376.864478074503,8.5175,34.07,85.77160493827161,95.0,1084.5815023798964,3668.2400912615735,4752.82159364147,,
44,reliability_fedavg_event,fixed_20pct,,3240,1635.3600000000001,148.3970949172152,231.59656241087652,1.4155265500945737,3.028444444444445,23.32448344252909,50.2903048578103,3272.231981737158,1687.1622865949685,9299.524619363547,8.5175,34.07,76.85185185185185,,1635.3600000000001,4631.93124821753,6267.291248217531,,
44,reliability_fedavg_event,nsigma_d0.05,0.05,3240,1082.274022021326,171.79534372566164,208.19831360243012,1.2725156087002247,2.0042111518913446,15.436040081031564,50.2903048578103,1502.8065332590054,470.82281609548966,9299.524619363547,8.5175,34.07,82.68518518518519,95.0,1082.274022021326,4163.966272048602,5246.2402940699285,,
44,reliability_fedavg_event,guarded_nsigma_d0.05,0.05,3240,1316.166981474425,160.53596970676884,219.45768762132292,1.3413333091672646,2.437346261989676,18.771961505114295,50.2903048578103,2106.9374986636303,841.0608220470159,9299.524619363547,8.5175,34.07,79.75308641975309,95.0,1316.166981474425,4389.153752426459,5705.320733900884,0.0669753086419753,1399.0
44,reliability_fedavg_event,empirical_d0.05,0.05,3240,1122.305219007742,167.1865811082604,212.80707621983132,1.300684532194179,2.0783429981624852,16.006988979924948,50.2903048578103,1883.597617787433,811.582703637501,9299.524619363547,8.5175,34.07,82.34567901234567,95.0,1122.305219007742,4256.141524396627,5378.446743404369,,
45,smart_persistence,fixed_20pct,,3240,2679.8399999999997,266.50102300204685,346.4633068645418,1.2915410581713005,4.962666666666666,23.907822723359477,100.3589753681307,5365.11487068171,2785.633846049841,15516.164553928258,13.9575,55.83,77.9320987654321,,2679.8399999999997,6929.266137290835,9609.106137290835,,
45,smart_persistence,nsigma_d0.05,0.05,3240,1886.118898143532,281.9993655527317,330.96496431385685,1.2337665540861131,3.4928127743398747,16.826749452203742,100.3589753681307,2753.9718680340575,968.2119452586563,15516.164553928258,13.9575,55.83,81.6358024691358,95.0,1886.118898143532,6619.299286277137,8505.418184420669,,
45,smart_persistence,guarded_nsigma_d0.05,0.05,3240,2039.5216108694176,258.8209826310692,354.1433472355194,1.3201706049977666,3.776891871980403,18.195310583141747,100.3589753681307,3279.470258653728,1340.3076231524406,15516.164553928258,13.9575,55.83,79.35185185185185,95.0,2039.5216108694176,7082.8669447103875,9122.388555579804,0.050617283950617285,1075.0
45,smart_persistence,empirical_d0.05,0.05,3240,1851.61889793654,251.68566690543858,361.27866296114996,1.3467695349279432,3.428923885067667,16.518962461598097,100.3589753681307,3188.080303881505,1436.8203813130954,15516.164553928258,13.9575,55.83,80.3395061728395,95.0,1851.61889793654,7225.573259223,9077.19215715954,,
45,local_xgboost,fixed_20pct,,3240,2679.8399999999992,236.74129911750984,344.8624576366666,1.2855734348623449,4.9626666666666654,23.976063284928994,82.91826883478578,5365.11487068171,2768.193139516496,15565.508409607006,13.9575,55.83,81.11111111111111,,2679.8399999999992,6897.249152733331,9577.08915273333,,
45,local_xgboost,nsigma_d0.05,0.05,3240,1755.9115575687804,277.66943153061794,303.9343252235584,1.1330021166347906,3.2516880695718156,15.709835895802483,82.91826883478578,2401.53222778823,728.5389390542356,15565.508409607006,13.9575,55.83,87.34567901234568,95.0,1755.9115575687804,6078.6865044711685,7834.598062039949,,
45,local_xgboost,guarded_nsigma_d0.05,0.05,3240,2016.8871736987967,257.2765936028601,324.3271631513162,1.2090222519694385,3.7349762475903643,18.0447394304003,82.91826883478578,3073.580494535334,1139.611589671323,15565.508409607006,13.9575,55.83,85.64814814814815,95.0,2016.8871736987967,6486.543263026324,8503.43043672512,0.05493827160493827,1172.0
45,local_xgboost,empirical_d0.05,0.05,3240,1788.3102845693104,265.27987145635745,316.32388529781883,1.1791877449871846,3.31168571216539,15.999701682161312,82.91826883478578,2909.23031451766,1203.8382987831355,15565.508409607006,13.9575,55.83,85.9567901234568,95.0,1788.3102845693104,6326.477705956377,8114.787990525687,,
45,reliability_fedavg,fixed_20pct,,3240,2679.8399999999992,241.41356490640987,330.4468090357941,1.2318349821047034,4.9626666666666654,24.12615550285861,88.20722827610382,5365.11487068171,2773.4820989578147,15629.754063107393,13.9575,55.83,82.1604938271605,,2679.8399999999992,6608.936180715882,9288.776180715882,,
45,reliability_fedavg,nsigma_d0.05,0.05,3240,1749.3372439288491,261.3985630627859,310.46181087941807,1.1573351861522014,3.239513414683054,15.748993363025228,88.20722827610382,2301.27492854089,640.1449128881442,15629.754063107393,13.9575,55.83,83.82716049382715,95.0,1749.3372439288491,6209.236217588361,7958.57346151721,,
45,reliability_fedavg,guarded_nsigma_d0.05,0.05,3240,2249.6446593532655,275.72844127411315,296.1319326680909,1.1039164670502695,4.166008628431973,20.2531781291914,88.20722827610382,3571.8604790340987,1410.4230479569371,15629.754063107393,13.9575,55.83,83.17901234567901,95.0,2249.6446593532655,5922.638653361818,8172.283312715083,0.06790123456790123,1534.0
45,reliability_fedavg,empirical_d0.05,0.05,3240,1848.1986427999177,293.0546002609072,278.8057736812967,1.039328254479184,3.4225900792591073,16.63902615692096,88.20722827610382,2780.8995607464067,1020.9081462225931,15629.754063107393,13.9575,55.83,86.14197530864197,95.0,1848.1986427999177,5576.115473625934,7424.314116425852,,
45,reliability_fedavg_event,fixed_20pct,,3240,2679.8399999999997,221.11092021425716,312.7901001921265,1.1660145504112283,4.962666666666666,24.529886418487358,96.42408179713337,5365.11487068171,2781.698952478844,15804.354476469482,13.9575,55.83,84.2283950617284,,2679.8399999999997,6255.802003842529,8935.64200384253,,
45,reliability_fedavg_event,nsigma_d0.05,0.05,3240,1665.0712010677653,246.66494327489013,287.2360771314934,1.0707546214942316,3.0834651871625285,15.241211206970046,96.42408179713337,2123.3011624050564,554.6540431344245,15804.354476469482,13.9575,55.83,86.88271604938271,95.0,1665.0712010677653,5744.721542629868,7409.792743697633,,
45,reliability_fedavg_event,guarded_nsigma_d0.05,0.05,3240,2148.9377521936226,252.28914435286583,281.6118760535178,1.0497888035628775,3.9795143559141164,19.6702784426343,96.42408179713337,3198.547762899349,1146.03409250286,15804.354476469482,13.9575,55.83,86.29629629629629,95.0,2148.9377521936226,5632.237521070356,7781.175273263978,0.061419753086419754,1325.0
45,reliability_fedavg_event,empirical_d0.05,0.05,3240,1807.5451533521366,275.66333176639523,258.23768863998833,0.9626548354114765,3.347305839540994,16.545344986273516,96.42408179713337,2648.9752144209815,937.8541428659788,15804.354476469482,13.9575,55.83,87.8395061728395,95.0,1807.5451533521366,5164.753772799767,6972.298926151903,,
46,smart_persistence,fixed_20pct,,3240,2522.88,244.99136149618553,316.31622121912784,1.252961780097537,4.672000000000001,24.395179794381118,91.54865284489321,5049.096089658923,2617.7647425038163,14812.216664573381,13.14,52.56,77.74691358024691,,2522.88,6326.324424382557,8849.204424382557,,
46,smart_persistence,nsigma_d0.05,0.05,3240,1759.622298542116,269.9433541091459,291.36422860616744,1.154124316243107,3.25855981211503,17.014801474163292,91.54865284489321,2529.4961528246304,861.4225071274078,14812.216664573381,13.14,52.56,82.12962962962963,95.0,1759.622298542116,5827.284572123349,7586.906870665465,,
46,smart_persistence,guarded_nsigma_d0.05,0.05,3240,1897.4252441839271,244.53940143827845,316.76818127703496,1.2547520413636388,3.5137504521924576,18.34729752436279,91.54865284489321,3001.477865716395,1195.6012743773613,14812.216664573381,13.14,52.56,80.21604938271605,95.0,1897.4252441839271,6335.363625540699,8232.788869724627,0.05030864197530864,1032.0
46,smart_persistence,empirical_d0.05,0.05,3240,1713.0502014242622,234.90899951628253,326.39858319903084,1.2928990750147509,3.172315187822708,16.56446904353186,91.54865284489321,2931.9087275134916,1310.4071789341226,14812.216664573381,13.14,52.56,80.64814814814815,95.0,1713.0502014242622,6527.9716639806165,8241.021865404879,,
46,local_xgboost,fixed_20pct,,3240,2522.88,213.75783967985183,322.89497389156287,1.279020910506677,4.672000000000001,24.467623881089025,75.07358918555128,5049.096089658923,2601.2896788444746,14859.311624602338,13.14,52.56,82.93209876543209,,2522.88,6457.899477831257,8980.779477831256,,
46,local_xgboost,nsigma_d0.05,0.05,3240,1611.2261305895086,254.94734902598202,281.7054645454326,1.115864937181112,2.9837520936842754,15.626139551087062,75.07358918555128,2146.32870672652,610.1761653225628,14859.311624602338,13.14,52.56,85.92592592592592,95.0,1611.2261305895086,5634.109290908653,7245.335421498161,,
46,local_xgboost,guarded_nsigma_d0.05,0.05,3240,1939.472880747216,234.23246440765297,302.4203491637618,1.1979187711762915,3.591616445828178,18.80957198665617,75.07358918555128,2995.7874882642973,1131.3881967026323,14859.311624602338,13.14,52.56,84.25925925925925,95.0,1939.472880747216,6048.406983275236,7987.879864022452,0.05648148148148148,1239.0
46,local_xgboost,empirical_d0.05,0.05,3240,1661.7867875292413,241.9351770450118,294.7176365264029,1.167407517278253,3.0773829398689654,16.116491504878823,75.07358918555128,2664.274550234307,1077.5613518906175,14859.311624602338,13.14,52.56,85.0,95.0,1661.7867875292413,5894.352730528058,7556.139518057299,,
46,reliability_fedavg,fixed_20pct,,3240,2522.88,221.67845635958042,342.66167633118755,1.3573188952889788,4.672000000000001,24.28813185943017,80.55840243594993,5049.096089658923,2606.7744920948735,14777.626659777088,13.14,52.56,71.29629629629629,,2522.88,6853.2335266237515,9376.11352662375,,
46,reliability_fedavg,nsigma_d0.05,0.05,3240,1676.4212587119976,268.54946489699745,295.7906677937705,1.1716579068462603,3.1044838124296255,16.139150725975433,80.55840243594993,2204.7583062766234,608.8954500005754,14777.626659777088,13.14,52.56,85.55555555555556,95.0,1676.4212587119976,5915.813355875411,7592.234614587408,,
46,reliability_fedavg,guarded_nsigma_d0.05,0.05,3240,1921.5014805951864,259.8802635525145,304.45986913825345,1.2059975240392795,3.5583360751762716,18.498573586054903,80.55840243594993,2934.9108118838144,1093.9677337245785,14777.626659777088,13.14,52.56,82.4074074074074,95.0,1921.5014805951864,6089.197382765069,8010.698863360256,0.055246913580246915,1202.0
46,reliability_fedavg,empirical_d0.05,0.05,3240,1732.0907242280457,284.52425054993455,279.81588214083337,1.108380102782855,3.207575415237122,16.675088748789747,80.55840243594993,2686.1372294446596,1034.6049076525637,14777.626659777088,13.14,52.56,84.01234567901234,95.0,1732.0907242280457,5596.317642816667,7328.408367044713,,
46,reliability_fedavg_event,fixed_20pct,,3240,2522.88,207.30379887725735,300.0546504118525,1.1885479899120788,4.672000000000001,24.61061954657651,85.54840607662291,5049.096089658923,2611.7644957355465,14908.747608500847,13.14,52.56,82.31481481481482,,2522.88,6001.09300823705,8523.97300823705,,
46,reliability_fedavg_event,nsigma_d0.05,0.05,3240,1609.7882509059864,237.0875005915969,270.27094869751295,1.0705716187539236,2.9810893535296046,15.703436625442382,85.54840607662291,2071.229613452434,546.9897686230706,14908.747608500847,13.14,52.56,86.94444444444444,95.0,1609.7882509059864,5405.418973950259,7015.207224856245,,
46,reliability_fedavg_event,guarded_nsigma_d0.05,0.05,3240,1868.901093677634,234.0786248685244,273.27982442058544,1.0824900915642748,3.460927951254878,18.231074718845523,85.54840607662291,2814.4513284797417,1031.0986408787307,14908.747608500847,13.14,52.56,85.74074074074073,95.0,1868.901093677634,5465.596488411709,7334.497582089343,0.05648148148148148,1194.0
46,reliability_fedavg_event,empirical_d0.05,0.05,3240,1670.5440726554843,250.12901132816128,257.22943796094853,1.0189128247639467,3.0936001345471933,16.296107863993765,85.54840607662291,2518.2808657679966,933.2851991891357,14908.747608500847,13.14,52.56,86.6358024691358,95.0,1670.5440726554843,5144.58875921897,6815.1328318744545,,
