,,reserve_energy_mwh,reserve_energy_mwh,shortfall_energy_mwh,shortfall_energy_mwh,availability_pct,availability_pct,planned_capacity_gap_mwh,planned_capacity_gap_mwh,grid_import_energy_mwh,grid_import_energy_mwh,total_cost,total_cost
,,mean,std,mean,std,mean,std,mean,std,mean,std,mean,std
forecast_method,policy,,,,,,,,,,,,
local_xgboost,empirical_d0.05,1643.9937522575601,,296.84054402616283,,84.84567901234567,,1114.2742486006484,,14246.254729198776,,7580.804632780817,
local_xgboost,fixed_20pct,2454.72,,335.608416906102,,81.35802469135803,,2532.8148041358877,,14246.254729198776,,9166.888338122038,
local_xgboost,guarded_nsigma_d0.05,1919.138162262285,,321.5681868512717,,83.73456790123457,,1116.110672522947,,14246.254729198776,,8350.50189928772,
local_xgboost,nsigma_d0.05,1605.3999310814288,,290.34886134150855,,85.70987654320987,,644.1969019836525,,14246.254729198776,,7412.3771579116,
reliability_fedavg,empirical_d0.05,1732.867661983104,,289.4609802778908,,83.51851851851852,,1091.0971882075341,,14189.125595847021,,7522.087267540921,
reliability_fedavg,fixed_20pct,2454.72,,337.3555680414288,,74.22839506172839,,2537.0095989398906,,14189.125595847021,,9201.831360828575,
reliability_fedavg,guarded_nsigma_d0.05,1993.6384057659911,,295.3597294084337,,82.62345679012346,,1062.2370407487108,,14189.125595847021,,7900.832993934664,
reliability_fedavg,nsigma_d0.05,1699.1679790294238,,282.48839369281757,,83.91975308641976,,656.6550319179111,,14189.125595847021,,7348.935852885776,
reliability_fedavg_event,empirical_d0.05,1674.4697571432182,,292.0771702255371,,85.40123456790123,,1037.8072056955193,,14324.429149041056,,7516.013161653959,
reliability_fedavg_event,fixed_20pct,2454.72,,313.216886133467,,80.70987654320987,,2537.964957983036,,14324.429149041056,,8719.05772266934,
reliability_fedavg_event,guarded_nsigma_d0.05,1865.415730788519,,288.610946186342,,84.59876543209876,,1078.317088381967,,14324.429149041056,,7637.634654515359,
reliability_fedavg_event,nsigma_d0.05,1623.3709587194137,,275.73359608898096,,85.61728395061728,,643.1164217201745,,14324.429149041056,,7138.042880499032,
smart_persistence,empirical_d0.05,1699.3145109825696,,341.2441088034344,,80.5246913580247,,1333.8115666049982,,14212.547314338506,,8524.196687051257,
smart_persistence,fixed_20pct,2454.72,,329.10694793571355,,76.91358024691358,,2547.483994365756,,14212.547314338506,,9036.85895871427,
smart_persistence,guarded_nsigma_d0.05,1849.0837260870676,,322.0712246671594,,80.3395061728395,,1221.0816559256955,,14212.547314338506,,8290.508219430256,
smart_persistence,nsigma_d0.05,1736.3427017791769,,300.82268751613606,,81.82098765432099,,890.1488628956232,,14212.547314338506,,7752.7964521018985,
