seed,method,site,mae,rmse,bias,n
42,persistence,A,0.06819480347991806,0.09198777122774462,-0.0019455331970361222,3240
42,persistence,B,0.06559745941341123,0.08838925699634917,-0.001864942736403778,3240
42,persistence,C,0.06963705350944907,0.09403260333263007,-0.002070322936170096,3240
42,persistence,D,0.06871217395507336,0.0926715885923163,-0.001971629672345758,3240
42,smart_persistence,A,0.03759685597640468,0.07458148082696212,-1.6430914035515377e-06,3240
42,smart_persistence,B,0.03653843776836889,0.07178663031850838,3.4815142512174877e-05,3240
42,smart_persistence,C,0.03569105338577589,0.07581304503293548,0.00011588018118076165,3240
42,smart_persistence,D,0.03578939799308893,0.07485211544653367,-1.324898769354026e-05,3240
42,decision_tree,A,0.039754500209124265,0.07192378563277779,0.0010778164003208929,3240
42,decision_tree,B,0.03993930940599472,0.07130806007140708,0.001835781666994552,3240
42,decision_tree,C,0.036796831261883066,0.07265858675756028,6.9792971288857915e-06,3240
42,decision_tree,D,0.038030200894509446,0.0724007351666396,0.00026796796916900306,3240
42,local_xgboost,A,0.03796170746648352,0.06680191930430714,-0.0005049569081614961,3240
42,local_xgboost,B,0.036546832057933056,0.06375740305383597,-0.0006880397271428884,3240
42,local_xgboost,C,0.03516806866032255,0.06723467475520642,-0.0010407662808889363,3240
42,local_xgboost,D,0.03653477483946551,0.06712202085534379,-0.0013547461543701636,3240
42,centralized_xgboost,A,0.03761059872118539,0.0661870849179477,-0.00072999663591165,3240
42,centralized_xgboost,B,0.03680389205005162,0.06394285682419482,-0.0008141015887416376,3240
42,centralized_xgboost,C,0.03456933618944288,0.06633690785759613,-0.000636679624468893,3240
42,centralized_xgboost,D,0.035428003740101605,0.0659444384153075,-0.0002563566356642426,3240
42,local_only,A,0.03625306540333564,0.06498877326579448,0.0016305213321354613,3240
42,local_only,B,0.035466563501720456,0.06256576611114566,0.0021856003270874715,3240
42,local_only,C,0.036095165004551316,0.06714038658181908,-0.004735664550335733,3240
42,local_only,D,0.03589594881209956,0.06576499044787974,-0.0014126727886248796,3240
42,centralized,A,0.037004389178468114,0.06471526604210519,-0.0015711787823543821,3240
42,centralized,B,0.036125383605825914,0.062001277940148564,-0.001626784383309617,3240
42,centralized,C,0.035254560324239806,0.06563526188150727,-0.0015390293947909672,3240
42,centralized,D,0.035808747337663885,0.0649125752388072,-0.0013132369512086483,3240
42,fedavg,A,0.03668409081286051,0.0646877395058377,-0.0008323110273466474,3240
42,fedavg,B,0.035761934843851775,0.06208532175550265,-0.000795427562618976,3240
42,fedavg,C,0.0348881985485571,0.06558513494263567,-0.0006433940121047429,3240
42,fedavg,D,0.03535988282885991,0.06494706274029777,-0.00036549884820779867,3240
42,reliability_fedavg,A,0.03727588371013867,0.06472953576339491,-0.0026639476416249514,3240
42,reliability_fedavg,B,0.03643382165691834,0.06214303084149516,-0.0026041962272565907,3240
42,reliability_fedavg,C,0.03579462356419866,0.0656088840266306,-0.00254429546084232,3240
42,reliability_fedavg,D,0.03618542440043161,0.06499935115819386,-0.0022906091684220613,3240
42,reliability_fedavg_event,A,0.03642696957518009,0.06525988019507398,-0.0012019066968526732,3240
42,reliability_fedavg_event,B,0.03541535274237919,0.06250035353620566,-0.001227096730045885,3240
42,reliability_fedavg_event,C,0.03445713629293612,0.06614543211330433,-0.0010924287130308831,3240
42,reliability_fedavg_event,D,0.0352947183999097,0.06549558180031641,-0.0008363726990640395,3240
42,gru,A,0.03673923070094998,0.06507596465656816,0.000705878071231483,3240
42,gru,B,0.03590762656674121,0.06268530094095472,0.0005421348232585494,3240
42,gru,C,0.03420641818823994,0.06572556855719675,0.0019388901544763581,3240
42,gru,D,0.03466951138180539,0.06511182531264391,0.0034746819132820232,3240
42,lstm,A,0.03618161436027515,0.06517631557948246,-0.0007035149133352442,3240
42,lstm,B,0.03507600753731777,0.06251826238521309,-0.0004996630446255972,3240
42,lstm,C,0.03412523001078861,0.0659887617014879,-0.0010283128594128807,3240
42,lstm,D,0.03464648090915337,0.06530071250629726,-0.0012052891800959952,3240
43,persistence,A,0.06283552568455451,0.08475665863330961,-0.0019110921033396512,3240
43,persistence,B,0.06511608896073512,0.08769013621328102,-0.0019134199983791742,3240
43,persistence,C,0.06972876823598693,0.09389073127657087,-0.001969789449827254,3240
43,persistence,D,0.06600906259093195,0.08905911926348238,-0.0019404625513462959,3240
43,smart_persistence,A,0.035408491709659075,0.06878046836648502,5.4149758925856905e-05,3240
43,smart_persistence,B,0.03640867820964716,0.07121002128233374,-1.2168640234539239e-06,3240
43,smart_persistence,C,0.03979652186319948,0.07635656300649854,4.4716627464233034e-05,3240
43,smart_persistence,D,0.0357893953107527,0.07221580000585613,-4.7886637225423736e-05,3240
43,decision_tree,A,0.03653200811158182,0.06430160479031224,-0.0028691203318705876,3240
43,decision_tree,B,0.03656744596754171,0.06606673784780348,0.0005406014053149215,3240
43,decision_tree,C,0.040110474133078604,0.07049532828118495,-0.0016704883836935573,3240
43,decision_tree,D,0.03818023462083125,0.06991087683521743,-0.0041192427402424025,3240
43,local_xgboost,A,0.03666623384985688,0.06359232303522888,-0.00597637605139796,3240
43,local_xgboost,B,0.036639597170721606,0.06380842310697997,-0.0007807719396590039,3240
43,local_xgboost,C,0.03913640571062174,0.07079486168270194,-0.0020006654961760456,3240
43,local_xgboost,D,0.03494420599849553,0.06700863951365892,0.002223731430529841,3240
43,centralized_xgboost,A,0.03509813042269175,0.06063251861207195,-0.0034595123198627852,3240
43,centralized_xgboost,B,0.03549877509347111,0.06323417747557822,-0.00025239979872429015,3240
43,centralized_xgboost,C,0.03816574119169044,0.06714283048855686,-0.0010893480204955536,3240
43,centralized_xgboost,D,0.03770137872436604,0.06525599245983972,-0.005673805812074096,3240
43,local_only,A,0.03783795647240491,0.06389927268157684,0.002126694759346809,3240
43,local_only,B,0.03578940264213335,0.06178379776215913,-0.002908434701605052,3240
43,local_only,C,0.04013783246552555,0.06828426988701917,-0.0008832550124354361,3240
43,local_only,D,0.049072954581312424,0.07553999560496628,0.018959623727574513,3240
43,centralized,A,0.03634871724891666,0.06081494611331956,-0.00402258128997795,3240
43,centralized,B,0.03638409718746347,0.062469886456778534,-0.003910665935014819,3240
43,centralized,C,0.03920799165733811,0.06714092365220324,-0.0023788587216979156,3240
43,centralized,D,0.03869799757047548,0.06430379386880966,-0.00745564075946782,3240
43,fedavg,A,0.034831707062160905,0.059960523603788805,-0.00021263855609347194,3240
43,fedavg,B,0.03497988082197503,0.06183967846490914,-0.0013993180196534304,3240
43,fedavg,C,0.03813255451104739,0.06650658624747575,0.0013880245201253723,3240
43,fedavg,D,0.0371871853894935,0.06356565012741552,-0.004995179022529398,3240
43,reliability_fedavg,A,0.03494280266218364,0.05975687210726418,-0.0013267365990301456,3240
43,reliability_fedavg,B,0.03516202276930724,0.06159637012896702,-0.0020615235122359416,3240
43,reliability_fedavg,C,0.03830571878440232,0.06620217669274982,-0.00011337552746731995,3240
43,reliability_fedavg,D,0.037694837543039074,0.06375924403404647,-0.005970032991648128,3240
43,reliability_fedavg_event,A,0.03573729597872129,0.0612674021746031,-0.005212159545475582,3240
43,reliability_fedavg_event,B,0.03581865184158816,0.06268613043540583,-0.004418208768824295,3240
43,reliability_fedavg_event,C,0.039589664535032855,0.06921717171494025,-0.0028429147416767432,3240
43,reliability_fedavg_event,D,0.03880353764415989,0.06539730740765205,-0.010055752903981894,3240
43,gru,A,0.036985238484842815,0.06147647347674773,0.0017432339730913992,3240
43,gru,B,0.035225982037418696,0.061935842349537994,-0.00177425999625282,3240
43,gru,C,0.0394707921690115,0.06754010923541842,0.0031046408589679264,3240
43,gru,D,0.0391304945131084,0.06529232868435905,-0.0028915095989726037,3240
43,lstm,A,0.038953613206553044,0.06219194541607045,-0.005699160461850108,3240
43,lstm,B,0.03577142272066497,0.06251578247050996,-0.0025857718913346304,3240
43,lstm,C,0.04056175347583952,0.06802753825107064,-0.0017038468582833035,3240
43,lstm,D,0.041103108626244916,0.06613150597501058,-0.007533344364761703,3240
44,persistence,A,0.06507307872850589,0.08778809654441719,-0.0019021004362406934,3240
44,persistence,B,0.067852098302611,0.09163583994205107,-0.002019043339640592,3240
44,persistence,C,0.07146329172682284,0.09640337632869674,-0.0020973420875016915,3240
44,persistence,D,0.06930481629991914,0.0935563108523837,-0.002051928115333008,3240
44,smart_persistence,A,0.033200096792360356,0.07079541014526491,4.219943664703564e-05,3240
44,smart_persistence,B,0.034758176766177866,0.0738469127636257,0.0001251885767330496,3240
44,smart_persistence,C,0.0381762038219115,0.07803392006418201,-0.00012774578608963408,3240
44,smart_persistence,D,0.03642295044485505,0.07560806083026962,-2.455633174251466e-05,3240
44,decision_tree,A,0.033554670342063116,0.06632357497377347,-0.0002670663554813529,3240
44,decision_tree,B,0.033969877876289606,0.06810497417338904,7.594090032701691e-05,3240
44,decision_tree,C,0.04258419124199901,0.07777368389358578,-0.006566486080824958,3240
44,decision_tree,D,0.03681094323187439,0.06979328678771272,-0.00095088658572422,3240
44,local_xgboost,A,0.03307100036044973,0.06510940215446659,-0.0028725622626406683,3240
44,local_xgboost,B,0.03497953152522606,0.066403646506735,-0.0007195875481242475,3240
44,local_xgboost,C,0.038510298124849754,0.07322498686359281,0.00047571160209855285,3240
44,local_xgboost,D,0.03644721326297741,0.06768132865257935,-0.0006342196860613411,3240
44,centralized_xgboost,A,0.03235289230145066,0.06236975590996839,-0.0008462512163577578,3240
44,centralized_xgboost,B,0.03329086365037379,0.06509724582373617,0.000538394066510883,3240
44,centralized_xgboost,C,0.039052684353723804,0.0694036677948469,-0.0038321961748200312,3240
44,centralized_xgboost,D,0.03540320857192556,0.06660648125171154,-0.0008816529290128034,3240
44,local_only,A,0.03577991898184539,0.06514202892160056,0.003585476670658538,3240
44,local_only,B,0.03428175928355712,0.06494404673976888,-0.0019898697016703217,3240
44,local_only,C,0.04513030977367983,0.07510824127620647,0.016652179301982633,3240
44,local_only,D,0.03577474109499774,0.0659453730397824,-0.0013484112651603038,3240
44,centralized,A,0.03320167514676642,0.06193181756055832,6.198117446246338e-05,3240
44,centralized,B,0.033121358807253316,0.06438866215347257,-0.002658009689723797,3240
44,centralized,C,0.03872902350710241,0.06878008368764227,-0.00518541942212413,3240
44,centralized,D,0.03547620971165672,0.06593754510947562,-0.003779175941726413,3240
44,fedavg,A,0.03484777344231218,0.06182111612136018,-0.00465514270127406,3240
44,fedavg,B,0.03399833966496423,0.06390367675952495,-0.004944677047652802,3240
44,fedavg,C,0.042073012615762795,0.06900478344549042,-0.0114848159992601,3240
44,fedavg,D,0.03666894882837346,0.0653058976124988,-0.005754340743272751,3240
44,reliability_fedavg,A,0.03296023166938225,0.0611682794313681,0.000546407671774634,3240
44,reliability_fedavg,B,0.03205131071750477,0.0633504740584335,-0.000994824197496874,3240
44,reliability_fedavg,C,0.03986747122465282,0.06809647392364145,-0.005252881303812624,3240
44,reliability_fedavg,D,0.034577982672320186,0.0648034636434862,-0.0017340082510487757,3240
44,reliability_fedavg_event,A,0.03514864309166305,0.06348786854268836,0.00904390437573045,3240
44,reliability_fedavg_event,B,0.03366215280839242,0.0647052774124017,-0.0008948316783960449,3240
44,reliability_fedavg_event,C,0.038863525534794954,0.06942771075148801,0.0046238914175684145,3240
44,reliability_fedavg_event,D,0.036410700448268024,0.06632188638235974,-0.0022787876959497497,3240
44,gru,A,0.03696048911524373,0.06425131371523181,0.005152887405819018,3240
44,gru,B,0.035009954915019785,0.06521894045183761,-0.004073276027410441,3240
44,gru,C,0.04150188043940831,0.07074433216645942,-0.004822547728708517,3240
44,gru,D,0.037495824943389267,0.06679748530608721,-0.005708128829070277,3240
44,lstm,A,0.04143819690683431,0.06484575013365404,-0.012931023474084213,3240
44,lstm,B,0.03469829154754184,0.0644349809005799,-0.004657604853280556,3240
44,lstm,C,0.04735833757843881,0.07214281695944957,-0.02095541992388417,3240
44,lstm,D,0.036283584576960244,0.06575788964558385,-0.004616895357250744,3240
45,persistence,A,0.06891793941301139,0.09261674288253648,-0.0020123355609411877,3240
45,persistence,B,0.06560427199685791,0.08840680275560608,-0.0019364120351551886,3240
45,persistence,C,0.06678832729612398,0.0900936281647195,-0.001962972449738443,3240
45,persistence,D,0.06979329154060838,0.09407081523009306,-0.0020347596883732843,3240
45,smart_persistence,A,0.03817445503473321,0.0751052859714767,-0.00016512113627722562,3240
45,smart_persistence,B,0.03545050277230693,0.07166075198587124,-4.5799051723507645e-05,3240
45,smart_persistence,C,0.034965423244279974,0.07269346334807028,0.00010837521472745316,3240
45,smart_persistence,D,0.03793300394015351,0.07607737898272482,0.00019214762256007905,3240
45,decision_tree,A,0.039044351729135535,0.0707228347013006,0.00033477852302894463,3240
45,decision_tree,B,0.03926093480175625,0.0694976441790232,-0.004549672144051407,3240
45,decision_tree,C,0.043442052395250445,0.07554321206860955,-0.009809280820331036,3240
45,decision_tree,D,0.04262209376921183,0.07373873498494017,-0.00515631123773436,3240
45,local_xgboost,A,0.037835249822626475,0.06690105575928935,-0.0010190695062641524,3240
45,local_xgboost,B,0.0359434675596815,0.06572750817270452,-0.003214246652148884,3240
45,local_xgboost,C,0.03499042131443275,0.06782281246259615,0.0008020703500261772,3240
45,local_xgboost,D,0.03722717122726874,0.06852712573109597,0.00035116911667613254,3240
45,centralized_xgboost,A,0.037447629078172964,0.06841246127378144,0.0006426564668799983,3240
45,centralized_xgboost,B,0.035050444566567654,0.06436823285524983,-0.0020444112332089715,3240
45,centralized_xgboost,C,0.03624292587734584,0.06533325714670991,-0.004409881829184244,3240
45,centralized_xgboost,D,0.038085455915009975,0.06821487763028716,-0.004071691092547463,3240
45,local_only,A,0.036743594823547256,0.06513126428007393,-0.001365457706502459,3240
45,local_only,B,0.04345042255079107,0.06654927899449212,-0.015936413112501248,3240
45,local_only,C,0.04916291007986594,0.07315499382452555,-0.02361007056539996,3240
45,local_only,D,0.04881337277642789,0.07332053205353978,-0.019312059303451354,3240
45,centralized,A,0.03679687529376993,0.06544439522934979,0.006692163268504643,3240
45,centralized,B,0.035768001074564064,0.06286736218018446,0.006031145734896985,3240
45,centralized,C,0.03653806736935318,0.06321985010903777,-2.6787597600537363e-05,3240
45,centralized,D,0.03867674281445718,0.06668395858207914,0.000579381473177403,3240
45,fedavg,A,0.03658541591810066,0.06535010207988758,-0.0006025688343796014,3240
45,fedavg,B,0.036562541148956414,0.06360193547610286,-0.0014839455134166694,3240
45,fedavg,C,0.040969323297516284,0.06459317893029186,-0.009897053282924232,3240
45,fedavg,D,0.04235529261785825,0.06775577706356052,-0.009173284850381875,3240
45,reliability_fedavg,A,0.03698721061690001,0.06529789265536792,-0.00303427909001371,3240
45,reliability_fedavg,B,0.03621186653953272,0.06453725417924164,-0.0004228467779475865,3240
45,reliability_fedavg,C,0.038466189354553926,0.06401628948230666,-0.006438699835802883,3240
45,reliability_fedavg,D,0.03972361528126553,0.0669812706957305,-0.005150322744974588,3240
45,reliability_fedavg_event,A,0.03898286573593968,0.0653386547144584,-0.00767083039941941,3240
45,reliability_fedavg_event,B,0.03914328258969037,0.06507588318274451,-0.006746098226070854,3240
45,reliability_fedavg_event,C,0.041656812430157494,0.06451001061662627,-0.013255974687337675,3240
45,reliability_fedavg_event,D,0.042702008973683855,0.06720531298453992,-0.011719198581641525,3240
45,gru,A,0.037563518918438975,0.06664380164310675,0.0009312892932939576,3240
45,gru,B,0.04158246107229242,0.06700756401591518,-0.008452565655426481,3240
45,gru,C,0.0451448473432978,0.0685888138305117,-0.018947569401104744,3240
45,gru,D,0.0477451138746408,0.07232024154518953,-0.01805974584259488,3240
45,lstm,A,0.03663484013474918,0.06609802641593233,0.0021628144933250344,3240
45,lstm,B,0.037516788489458885,0.06587105322309668,0.007913060346811421,3240
45,lstm,C,0.03655363109717678,0.06530620294606826,0.0008881729328106617,3240
45,lstm,D,0.03901983480746923,0.06845874375945962,0.0043693566732672705,3240
46,persistence,A,0.06366420977861416,0.08578915931772796,-0.0018971824411151087,3240
46,persistence,B,0.06602476758748202,0.08895757075944552,-0.0019276286723371738,3240
46,persistence,C,0.06829508781062077,0.09203696036414,-0.0019992546033218215,3240
46,persistence,D,0.06781867654211919,0.09149313881166592,-0.001981218323312027,3240
46,smart_persistence,A,0.03475858419930246,0.06938020923497243,-1.686072044905791e-05,3240
46,smart_persistence,B,0.03441949608558961,0.07189455456840822,-8.035551488577722e-05,3240
46,smart_persistence,C,0.03733893937827771,0.0744613167583206,-8.656290375245275e-06,3240
46,smart_persistence,D,0.034525248261325255,0.0738082989162026,1.2415160897854761e-05,3240
46,decision_tree,A,0.035158533949599564,0.06450925391590721,-0.0007915793530145616,3240
46,decision_tree,B,0.034624484693550686,0.06593280115551581,0.0006864052796847744,3240
46,decision_tree,C,0.03689729293472749,0.06822588233447445,0.00045332743324207167,3240
46,decision_tree,D,0.034606304533066755,0.06792842481440656,-0.0008009520077640995,3240
46,local_xgboost,A,0.03427028377915728,0.06151406245346177,-0.0006638222070890792,3240
46,local_xgboost,B,0.034832693334806486,0.06403640538762724,-0.0012139710233446907,3240
46,local_xgboost,C,0.03759757990731116,0.0668707684859974,-0.0008093039552252854,3240
46,local_xgboost,D,0.03504146466457089,0.06548403386386252,-0.0016749199157879676,3240
46,centralized_xgboost,A,0.03456719043953719,0.061676282412062855,-0.000718680385621773,3240
46,centralized_xgboost,B,0.033950139662417236,0.06320978829684205,-0.0005465057261096296,3240
46,centralized_xgboost,C,0.036528726548343084,0.06590380662958419,-0.00025583692653144907,3240
46,centralized_xgboost,D,0.03427518485257701,0.06513323510518147,-0.0006162009635986186,3240
46,local_only,A,0.03380036063097263,0.06031769366130809,-0.0009218970093896155,3240
46,local_only,B,0.0351208813876265,0.06308022921639439,-0.003959185910494898,3240
46,local_only,C,0.03841581724114848,0.06526463318832558,-0.005566880502055376,3240
46,local_only,D,0.03350966294528916,0.06412960889051905,0.0004167725560600283,3240
46,centralized,A,0.034973190562383634,0.06050559383099876,-0.003280325583158696,3240
46,centralized,B,0.0357729370269675,0.06274643295888155,-0.0038503695562762856,3240
46,centralized,C,0.037513914949765116,0.06498846023095932,-0.003743644656051514,3240
46,centralized,D,0.03545189526450912,0.0642053182609424,-0.003372577771136284,3240
46,fedavg,A,0.03384781409065257,0.06002881028359189,0.00018827440330880315,3240
46,fedavg,B,0.03399685034087326,0.06218162848186835,0.00016537761296121184,3240
46,fedavg,C,0.03617224774577074,0.06441888869687556,0.0001718227506146686,3240
46,fedavg,D,0.03373446391060385,0.06370837471813343,0.00011132261572106753,3240
46,reliability_fedavg,A,0.033656320635239996,0.060383876377891194,0.0015954518978027027,3240
46,reliability_fedavg,B,0.033818480800264186,0.0626690469878535,0.0016615915622322872,3240
46,reliability_fedavg,C,0.03611115627015946,0.06486594623623038,0.0016168126136130642,3240
46,reliability_fedavg,D,0.033658681291638425,0.06411722262360765,0.001535371653261353,3240
46,reliability_fedavg_event,A,0.0340227207180558,0.060197896832952486,-0.0032375705387224754,3240
46,reliability_fedavg_event,B,0.03425325840431514,0.062473589606295274,-0.0030548956283360266,3240
46,reliability_fedavg_event,C,0.036421546974344424,0.06476133743569487,-0.0031348409657553414,3240
46,reliability_fedavg_event,D,0.03422240889997705,0.06411503966909564,-0.003280887141087909,3240
46,gru,A,0.03385949674665549,0.06031985972832997,0.0007769864757729347,3240
46,gru,B,0.03369807136971051,0.0621486083439577,0.0011642544092606885,3240
46,gru,C,0.03599241411886149,0.06452399910436775,0.0009279968412837336,3240
46,gru,D,0.03359457369078882,0.06381172387449895,0.0007607880314340654,3240
46,lstm,A,0.03389130222442053,0.060256979839875754,0.00031445398257189626,3240
46,lstm,B,0.03411419161358801,0.062051875572320975,-0.00014200564632860563,3240
46,lstm,C,0.03614296043413134,0.06445148114760266,-2.0938664480733375e-05,3240
46,lstm,D,0.03392778194428962,0.06369298794778218,0.00014871010674669604,3240
