n_sites,method,rounds,global_rmse,worst_site_rmse,comm_mb_per_round,participation_rate,clients_per_round_cap,data_mode,sites_per_round,total_comm_mb,feeder_comm_mb_per_round,rounds_to_converge,client_training_seconds,coordinator_seconds,inference_seconds,process_peak_memory_mb,seconds
4,fedavg,3,0.06551070028772714,0.06686961142551971,0.381232,1.0,20,full_virtual_sites,4.0,1.143696,0.381232,3,17.350320499856025,0.25638440006878227,0.0806319999974221,525.144064,17.7
4,reliability_fedavg_event,3,0.06685917891651522,0.06810111393545364,0.28593999999999997,0.75,20,full_virtual_sites,3.0,0.85782,0.28594,3,6.558619100018404,0.3356389000546187,0.08253869996406138,525.144064,7.0
20,fedavg,3,0.0664787171458243,0.07284248242562305,1.90616,1.0,20,full_virtual_sites,20.0,5.71848,1.90616,2,38.27343629999086,1.473025899962522,0.38950769999064505,982.798336,40.3
20,reliability_fedavg_event,3,0.06802715322167577,0.07272127540209178,1.048532,0.55,20,full_virtual_sites,11.0,3.145596,1.048532,1,24.7750688000815,1.6992526999674737,0.4933778999838978,982.798336,27.1
50,fedavg,3,0.07072561404428944,0.07199589648127348,1.90616,0.4,20,shared_reference_site_protocol_stress,20.0,5.71848,1.90616,3,3.964577100123279,0.47524070006329566,0.19469110004138201,982.798336,4.9
50,reliability_fedavg_event,3,0.07100162677905626,0.07233809646568949,1.080776,0.22666666666666668,20,shared_reference_site_protocol_stress,11.333333333333334,3.242328,1.080776,3,2.0508323998656124,0.9056024000747129,0.2378725999733433,982.798336,3.5
100,fedavg,3,0.07113892575301056,0.07242621483490762,1.90616,0.2,20,shared_reference_site_protocol_stress,20.0,5.71848,1.90616,3,4.876105500035919,1.2040894001256675,0.6669190999818966,982.798336,7.5
100,reliability_fedavg_event,3,0.0718719539815355,0.07326631744213244,1.081576,0.11333333333333334,20,shared_reference_site_protocol_stress,11.333333333333334,3.244728,1.081576,3,2.4488161001354456,2.1583329000277445,0.5631482000462711,982.798336,6.0
100,hierarchical_reliability_fedavg,3,0.0711385544129279,0.07242619439375175,2.2873919999999996,0.2,20,shared_reference_site_protocol_stress,20.0,6.862176,0.381232,3,3.589509899960831,0.8993410998955369,0.35221590008586645,982.798336,5.7
250,fedavg,3,0.0707997654615947,0.07201731771213948,1.90616,0.08,20,shared_reference_site_protocol_stress,20.0,5.71848,1.90616,2,3.533703900058754,2.090748100192286,0.9675557999871671,982.798336,8.8
250,reliability_fedavg_event,3,0.0705588005278931,0.07174605397917172,1.083976,0.04533333333333334,20,shared_reference_site_protocol_stress,11.333333333333334,3.251928,1.083976,2,2.145745899877511,5.478419700055383,1.219709899974987,982.798336,10.3
250,hierarchical_reliability_fedavg,3,0.07079342715376023,0.07200989826417849,2.7639319999999996,0.08,20,shared_reference_site_protocol_stress,20.0,8.291796,0.857772,2,3.5369750999379903,1.824836099985987,1.2898388999747112,982.798336,8.4
500,fedavg,3,0.07095254508329461,0.07216086988118867,1.90616,0.04,20,shared_reference_site_protocol_stress,20.0,5.71848,1.90616,3,4.474413699936122,4.172611299902201,2.326402199920267,982.798336,14.1
500,reliability_fedavg_event,3,0.07052648138308992,0.07165151962632589,1.087976,0.02266666666666667,20,shared_reference_site_protocol_stress,11.333333333333334,3.263928,1.087976,3,1.9614362000720575,9.344906099955551,2.6952302999561653,982.798336,16.7
500,hierarchical_reliability_fedavg,3,0.07095032624445675,0.07215842751253808,3.2087026666666665,0.04,20,shared_reference_site_protocol_stress,20.0,9.626108,1.3025426666666668,3,3.9860491999424994,4.008827099925838,2.52260419994127,982.798336,13.5
