method,global_mae,global_rmse,global_bias,worst_site_rmse,worst_site,mean_site_mae,healthy_rmse,healthy_mae,faulty_sites,seed,validation_rmse,runtime_seconds,training_seconds,inference_seconds,model_bytes,data_arrangement,rounds,rounds_to_converge,participation_rate,total_comm_mb,mean_comm_kb_per_round,rounds_skipped,selected_round,dropped_client_events,communication_model_transfers
persistence,0.0680353725894629,0.0917940148233394,-0.0019631071354889,0.09403260333263,C,0.0680353725894629,0.0917940148233394,0.0680353725894629,,42,0.0884933024644851,7.6299998909235e-05,7.6299998909235e-05,,,local only,,,,,,,,,2
smart_persistence,0.0364039362809096,0.0742734383188495,3.395081114896118e-05,0.0758130450329354,C,0.0364039362809096,0.0742734383188495,0.0364039362809096,,42,0.0690929442644119,0.0010875000152736,0.0010875000152736,,,local only,,,,,,,,,2
decision_tree,0.0386302104428778,0.0720746263486203,0.0007971363334033,0.0726585867575602,C,0.0386302104428778,0.0720746263486203,0.0386302104428778,,42,0.0658611729741096,4.927797800046392,4.886939099989832,0.0175896001746878,23377.0,centralized pooled raw rows,,,,,,,,,2
local_xgboost,0.0365528457560511,0.0662445658904412,-0.0008971272676408,0.0672346747552064,C,0.0365528457560511,0.0662445658904412,0.0365528457560511,,42,0.0617641061544418,25.576026700087823,25.15406710014213,0.244516099919565,2663423.0,local only; no raw-data transfer,,,,,,,,,2
centralized_xgboost,0.0361029576751953,0.065609971518803,-0.0006092836211966,0.0663369078575961,C,0.0361029576751953,0.065609971518803,0.0361029576751953,,42,0.0612382404506206,21.35897299996577,20.93443629995454,0.3506784999044612,911672.0,centralized pooled raw rows,,,,,,,,,2
local_only,0.0359276856804267,0.0651361674084245,-0.0005830539199344,0.067140386581819,C,0.0359276856804267,0.0651361674084245,0.0359276856804267,,42,0.0620009191334247,59.99935900000855,59.86415770009626,0.095640999963507,126992.0,local only,,,,,,,,,2
centralized,0.0360482701115494,0.0643308910079361,-0.0015125573779159,0.0656352618815072,C,0.0360482701115494,0.0643308910079361,0.0360482701115494,,42,0.0623918734490871,46.51478660001885,46.37126539996825,0.0929416000144556,31748.0,centralized pooled raw rows,,,,,,,,,2
fedavg,0.0356735267585323,0.064340154071729,-0.0006591578625695,0.0655851349426356,C,0.0356735267585323,0.064340154071729,0.0356735267585323,,42,0.0614644788415557,72.35447369993199,70.16015549958684,0.1084970999509096,31748.0,federated parameters,20.0,3.0,1.0,7.62464,381.232,0.0,3.0,0.0,3
reliability_fedavg,0.0364224383329218,0.0643838302614051,-0.0025257621245364,0.0656088840266306,C,0.0364224383329218,0.0643838302614051,0.0364224383329218,,42,0.0615150109197682,67.94259309989866,65.9488057999406,0.0696159000508487,31748.0,federated parameters,20.0,2.0,1.0,7.62464,381.232,0.0,3.0,0.0,3
reliability_fedavg_event,0.0353985442526012,0.0648653134965903,-0.0010894512097483,0.0661454321133043,C,0.0353985442526012,0.0648653134965903,0.0353985442526012,,42,0.0617411393344196,29.01041940005961,27.21937290008645,0.0700078000081703,31748.0,federated parameters,20.0,3.0,0.45,3.431792,171.5896,9.0,5.0,0.0,3
gru,0.0353806967094341,0.0646601273733511,0.0016653962405621,0.0657255685571967,C,0.0353806967094341,0.0646601273733511,0.0353806967094341,,42,0.0613308377268935,397.3627931999508,346.51366020040587,1.6403653000015763,77572.0,federated parameters,20.0,9.0,1.0,18.6224,931.12,0.0,19.0,0.0,3
lstm,0.0350073332043837,0.0647595262662345,-0.0008591949993674,0.0659887617014879,C,0.0350073332043837,0.0647595262662345,0.0350073332043837,,42,0.0619302507831859,250.88225809996948,222.4589172997512,1.2289493000134826,96004.0,federated parameters,20.0,5.0,1.0,23.04608,1152.304,0.0,13.0,0.0,3
persistence,0.0659223613680521,0.0889104146253738,-0.001933691025723,0.0938907312765708,C,0.0659223613680521,0.0889104146253738,0.0659223613680521,,43,0.085626907646656,0.0005483999848365,0.0005483999848365,,,local only,,,,,,,,,2
smart_persistence,0.0368507717733146,0.072192566176156,1.2440721285303072e-05,0.0763565630064985,C,0.0368507717733146,0.072192566176156,0.0368507717733146,,43,0.0670263320207595,0.0013794000260531,0.0013794000260531,,,local only,,,,,,,,,2
decision_tree,0.0378475407082583,0.067743324833154,-0.0020295625126229,0.0704953282811849,C,0.0378475407082583,0.067743324833154,0.0378475407082583,,43,0.0646484494209289,3.292785400059074,3.2607935999985784,0.013687599916011,20497.0,centralized pooled raw rows,,,,,,,,,2
local_xgboost,0.0368466106824239,0.0663655946604878,-0.0016335205141757,0.0707948616827019,C,0.0368466106824239,0.0663655946604878,0.0368466106824239,,43,0.0615600422024726,15.316999500035308,15.133430899935776,0.1383378999307751,1482911.0,local only; no raw-data transfer,,,,,,,,,2
centralized_xgboost,0.0366160063580548,0.0641119484811332,-0.0026187664877891,0.0671428304885568,C,0.0366160063580548,0.0641119484811332,0.0366160063580548,,43,0.060247216373682,11.57892650004942,11.30104679998476,0.1972265001386404,613744.0,centralized pooled raw rows,,,,,,,,,2
local_only,0.040709536540344,0.0675821484660548,0.0043236571932202,0.0755399956049662,D,0.040709536540344,0.0675821484660548,0.040709536540344,,43,0.0646561160683631,24.58257389999926,24.496678399969824,0.0667450001928955,126992.0,local only,,,,,,,,,2
centralized,0.0376597009160484,0.0637256344014755,-0.0044419366765396,0.0671409236522032,C,0.0376597009160484,0.0637256344014755,0.0376597009160484,,43,0.0606359206140041,23.91099640005268,23.788860199972987,0.0786034000338986,31748.0,centralized pooled raw rows,,,,,,,,,2
fedavg,0.0362828319461692,0.0630141414959725,-0.0013047777695377,0.0665065862474757,C,0.0362828319461692,0.0630141414959725,0.0362828319461692,,43,0.0601606371504679,39.207546500023454,37.359851500135846,0.0727221999550238,31748.0,federated parameters,20.0,3.0,1.0,7.62464,381.232,0.0,11.0,0.0,3
reliability_fedavg,0.036526345439733,0.0628748081026093,-0.0023679171575953,0.0662021766927498,C,0.036526345439733,0.0628748081026093,0.036526345439733,,43,0.0601898688821458,40.204993800027296,38.0947876998689,0.0920211999909952,31748.0,federated parameters,20.0,3.0,1.0,7.62464,381.232,0.0,11.0,0.0,3
reliability_fedavg_event,0.0374872874998755,0.0647129627558801,-0.0056322589899896,0.0692171717149402,C,0.0374872874998755,0.0647129627558801,0.0374872874998755,,43,0.0612192927599065,24.33264090004377,22.29713889991399,0.0687112000305205,31748.0,federated parameters,20.0,2.0,0.5375,4.098836,204.9418,7.0,9.0,0.0,3
gru,0.0377031268010953,0.0641095934693917,4.5526309208475546e-05,0.0675401092354184,C,0.0377031268010953,0.0641095934693917,0.0377031268010953,,43,0.0608145829432291,279.2750617999118,228.62660810013767,2.04499660001602,77572.0,federated parameters,20.0,11.0,1.0,18.6224,931.12,0.0,17.0,0.0,3
lstm,0.0390974745073256,0.064763383125728,-0.0043805308940574,0.0680275382510706,C,0.0390974745073256,0.064763383125728,0.0390974745073256,,43,0.0610965306640792,215.00125680002384,183.2520088000456,1.431853900081478,96004.0,federated parameters,20.0,11.0,1.0,23.04608,1152.304,0.0,18.0,0.0,3
persistence,0.0684233212644647,0.0923989601194966,-0.0020176034946789,0.0964033763286967,C,0.0684233212644647,0.0923989601194966,0.0684233212644647,,44,0.0890230163931846,0.0007833000272512,0.0007833000272512,,,local only,,,,,,,,,2
smart_persistence,0.0356393569563261,0.074617739454924,3.771473886984125e-06,0.078033920064182,C,0.0356393569563261,0.074617739454924,0.0356393569563261,,44,0.0693307891488075,0.0017458000220358,0.0017458000220358,,,local only,,,,,,,,,2
decision_tree,0.0367299206730565,0.0706345398715654,-0.0019271245304258,0.0777736838935857,C,0.0367299206730565,0.0706345398715654,0.0367299206730565,,44,0.0675782859325409,4.931207500048913,4.878707699943334,0.0219364000950008,24817.0,centralized pooled raw rows,,,,,,,,,2
local_xgboost,0.0357520108183757,0.0681750311104719,-0.0009376644736819,0.0732249868635928,C,0.0357520108183757,0.0681750311104719,0.0357520108183757,,44,0.0632149651646614,23.25046649994329,23.05326760001481,0.1490032998844981,1808192.0,local only; no raw-data transfer,,,,,,,,,2
centralized_xgboost,0.0350249122193684,0.0659183781547624,-0.0012554265634199,0.0694036677948469,C,0.0350249122193684,0.0659183781547624,0.0350249122193684,,44,0.0621382147073745,14.20636359998025,13.992045099963434,0.1662829999113455,599389.0,centralized pooled raw rows,,,,,,,,,2
local_only,0.03774168228352,0.0679176951757066,0.0042248437514526,0.0751082412762064,C,0.03774168228352,0.0679176951757066,0.03774168228352,,44,0.0644487217068672,24.626101600006223,24.55971599998884,0.0485639999387785,126992.0,local only,,,,,,,,,2
centralized,0.0351320667931947,0.0653067944539684,-0.0028901559697779,0.0687800836876422,C,0.0351320667931947,0.0653067944539684,0.0351320667931947,,44,0.0627622455358505,21.09449519996997,21.02138299995568,0.0461283000186085,31748.0,centralized pooled raw rows,,,,,,,,,2
fedavg,0.0368970186378531,0.0650616067723695,-0.0067097441228649,0.0690047834454904,C,0.0368970186378531,0.0650616067723695,0.0368970186378531,,44,0.0624887118083407,32.03211170004215,30.602822199696675,0.0743193000089377,31748.0,federated parameters,20.0,2.0,1.0,7.62464,381.232,0.0,5.0,0.0,3
reliability_fedavg,0.034864249070965,0.0644039199758989,-0.0018588265201459,0.0680964739236414,C,0.034864249070965,0.0644039199758989,0.034864249070965,,44,0.0624609075540251,32.537549200002104,31.183082499774173,0.0474871000042185,31748.0,federated parameters,20.0,2.0,1.0,7.62464,381.232,0.0,13.0,0.0,3
reliability_fedavg_event,0.0360212554707796,0.0660232572860057,0.0026235441047382,0.069427710751488,C,0.0360212554707796,0.0660232572860057,0.0360212554707796,,44,0.0632650920167881,16.18967029999476,14.90815049991943,0.032550000003539,31748.0,federated parameters,20.0,2.0,0.5625,4.28942,214.471,3.0,2.0,0.0,3
gru,0.0377420373532652,0.0667989634737859,-0.0023627662948425,0.0707443321664594,C,0.0377420373532652,0.0667989634737859,0.0377420373532652,,44,0.0635020834229857,206.4285139000276,172.68081699998584,1.4938084000023082,77572.0,federated parameters,20.0,6.0,1.0,18.6224,931.12,0.0,8.0,0.0,3
lstm,0.0399446026524438,0.0668683859599209,-0.0107902359021249,0.0721428169594495,C,0.0399446026524438,0.0668683859599209,0.0399446026524438,,44,0.064956982557119,158.28826489998028,137.51034920034,0.9981990000233054,96004.0,federated parameters,20.0,12.0,1.0,23.04608,1152.304,0.0,19.0,0.0,3
persistence,0.0677759575616504,0.0913233321084698,-0.001986619933552,0.094070815230093,D,0.0677759575616504,0.0913233321084698,0.0677759575616504,,45,0.0881062373518943,0.0003924999618902,0.0003924999618902,,,local only,,,,,,,,,2
smart_persistence,0.0366308462478684,0.0739056401136885,2.240066232169974e-05,0.0760773789827248,D,0.0366308462478684,0.0739056401136885,0.0366308462478684,,45,0.0688363835215568,0.0011226999340578,0.0011226999340578,,,local only,,,,,,,,,2
decision_tree,0.0410923581738385,0.0724151569449444,-0.0047951214197719,0.0755432120686095,C,0.0410923581738385,0.0724151569449444,0.0410923581738385,,45,0.0681181401014328,3.476192799978889,3.4340137999970466,0.0244327002437785,22225.0,centralized pooled raw rows,,,,,,,,,2
local_xgboost,0.0364990774810023,0.0672528018814131,-0.0007700191729276,0.0685271257310959,D,0.0364990774810023,0.0672528018814131,0.0364990774810023,,45,0.0626390129327774,27.581958700087853,27.36547960015013,0.1535573001019656,1753113.0,local only; no raw-data transfer,,,,,,,,,2
centralized_xgboost,0.0367066138592741,0.066605627160844,-0.0024708319220151,0.0684124612737814,A,0.0367066138592741,0.066605627160844,0.0367066138592741,,45,0.062352605164051,18.412930299993604,18.230135999969207,0.12576040008571,463081.0,centralized pooled raw rows,,,,,,,,,2
local_only,0.044542575057658,0.0696391442787174,-0.0150560001719637,0.0733205320535397,D,0.044542575057658,0.0696391442787174,0.044542575057658,,45,0.0666233748197555,32.41189630003646,32.29880949982908,0.0943880000850185,126992.0,local only,,,,,,,,,2
centralized,0.036944921638036,0.0645731636874318,0.0033189757197446,0.0666839585820791,D,0.036944921638036,0.0645731636874318,0.036944921638036,,45,0.063019298017025,42.83024160005152,42.63735139998607,0.1293174000456929,31748.0,centralized pooled raw rows,,,,,,,,,2
fedavg,0.0391181432456079,0.065343259269732,-0.0052892131202755,0.0677557770635605,D,0.0391181432456079,0.065343259269732,0.0391181432456079,,45,0.062981108197106,56.14036630000919,53.19244649994653,0.1470862999558448,31748.0,federated parameters,20.0,4.0,1.0,7.62464,381.232,0.0,4.0,0.0,3
reliability_fedavg,0.037847220448063,0.0652178041360739,-0.0037615371121846,0.0669812706957305,D,0.037847220448063,0.0652178041360739,0.037847220448063,,45,0.0624465398669268,63.55012699996587,60.57638879993465,0.1409765999997034,31748.0,federated parameters,20.0,7.0,1.0,7.62464,381.232,0.0,12.0,0.0,3
reliability_fedavg_event,0.0406212424323678,0.0655402661251398,-0.0098480254736173,0.0672053129845399,D,0.0406212424323678,0.0655402661251398,0.0406212424323678,,45,0.0632187300095192,35.72206749999896,32.072169899824075,0.1966396999778226,31748.0,federated parameters,20.0,4.0,0.5625,4.28942,214.471,7.0,13.0,0.0,3
gru,0.0430089853021675,0.0686768750246833,-0.011132147901458,0.0723202415451895,D,0.0430089853021675,0.0686768750246833,0.0430089853021675,,45,0.0654645859790149,469.1483048999216,385.0984363001771,5.029041600064375,77572.0,federated parameters,20.0,20.0,1.0,18.6224,931.12,0.0,17.0,0.0,3
lstm,0.0374312736322135,0.0664444213029915,0.0038333511115535,0.0684587437594596,D,0.0374312736322135,0.0664444213029915,0.0374312736322135,,45,0.0622613242996432,217.0980610999977,184.049856599886,1.2645037000766024,96004.0,federated parameters,20.0,12.0,1.0,23.04608,1152.304,0.0,17.0,0.0,3
persistence,0.066450685429709,0.0896033283066892,-0.0019513210100215,0.09203696036414,C,0.066450685429709,0.0896033283066892,0.066450685429709,,46,0.0864734202623367,0.0002970000496134,0.0002970000496134,,,local only,,,,,,,,,2
smart_persistence,0.0352605669811237,0.0724130393858123,-2.336434120305641e-05,0.0744613167583206,C,0.0352605669811237,0.0724130393858123,0.0352605669811237,,46,0.0674589499831199,0.0014116000384092,0.0014116000384092,,,local only,,,,,,,,,2
decision_tree,0.0353216540277361,0.0666663708834593,-0.0001131996619629,0.0682258823344744,C,0.0353216540277361,0.0666663708834593,0.0353216540277361,,46,0.0642287507653236,5.392967500025407,5.362393000046723,0.0097653999691829,21361.0,centralized pooled raw rows,,,,,,,,,2
local_xgboost,0.0354355054214614,0.0645067815494779,-0.0010905042753617,0.0668707684859974,C,0.0354355054214614,0.0645067815494779,0.0354355054214614,,46,0.0599893629550933,19.06043250008952,18.802523100050166,0.1913457000628113,2729912.0,local only; no raw-data transfer,,,,,,,,,2
centralized_xgboost,0.0348303103757186,0.0640021311993604,-0.0005343060004653,0.0659038066295841,C,0.0348303103757186,0.0640021311993604,0.0348303103757186,,46,0.0600034408271312,7.441042299964465,7.254017199971713,0.1341921002604067,676155.0,centralized pooled raw rows,,,,,,,,,2
local_only,0.0352116805512591,0.063224636353778,-0.0025077977164699,0.0652646331883255,C,0.0352116805512591,0.063224636353778,0.0352116805512591,,46,0.0605833455920219,23.544652699958533,23.48494149988983,0.042279899935238,126992.0,local only,,,,,,,,,2
centralized,0.0359279844509063,0.0631345083731652,-0.0035617293916556,0.0649884602309593,C,0.0359279844509063,0.0631345083731652,0.0359279844509063,,46,0.0603442005813121,26.898401899961755,26.81278250005562,0.044436499942094,31748.0,centralized pooled raw rows,,,,,,,,,2
fedavg,0.0344378440219751,0.0626070347782242,0.0001591993456514,0.0644188886968755,C,0.0344378440219751,0.0626070347782242,0.0344378440219751,,46,0.0601719124884277,30.9576509000035,29.84525370004121,0.047896199976094,31748.0,federated parameters,20.0,3.0,1.0,7.62464,381.232,0.0,4.0,0.0,3
reliability_fedavg,0.0343111597493255,0.0630321965246195,0.0016023069317273,0.0648659462362303,C,0.0343111597493255,0.0630321965246195,0.0343111597493255,,46,0.0601603783958096,28.175340899964795,27.18034550023731,0.0409081999678164,31748.0,federated parameters,20.0,3.0,1.0,7.62464,381.232,0.0,4.0,0.0,3
reliability_fedavg_event,0.0347299837491731,0.0629116549608183,-0.0031770485684754,0.0647613374356948,C,0.0347299837491731,0.0629116549608183,0.0347299837491731,,46,0.0604811171107727,15.53355890000239,14.528678499860687,0.0526326999533921,31748.0,federated parameters,20.0,3.0,0.5625,4.28942,214.471,7.0,8.0,0.0,3
gru,0.034286138981504,0.0627220407053848,0.0009075064394378,0.0645239991043677,C,0.034286138981504,0.0627220407053848,0.034286138981504,,46,0.0599112934397598,165.43760780000594,142.80511059996206,0.8795349000720307,77572.0,federated parameters,20.0,7.0,1.0,18.6224,931.12,0.0,16.0,0.0,3
lstm,0.0345190590541073,0.06263411414178,7.505494462731332e-05,0.0644514811476026,C,0.0345190590541073,0.06263411414178,0.0345190590541073,,46,0.0602159277671955,212.35172180004884,187.95655189990063,1.6656939999666065,96004.0,federated parameters,20.0,11.0,1.0,23.04608,1152.304,0.0,16.0,0.0,3
