method,global_mae,global_rmse,global_bias,worst_site_rmse,worst_site,mean_site_mae,healthy_rmse,healthy_mae,faulty_sites,seed,validation_rmse,runtime_seconds,communication_model_transfers,training_seconds,inference_seconds,model_bytes,data_arrangement,rounds,rounds_to_converge,participation_rate,total_comm_mb,mean_comm_kb_per_round,rounds_skipped,selected_round,dropped_client_events
persistence,0.06803537258946293,0.0917940148233394,-0.0019631071354889386,0.09403260333263007,C,0.06803537258946293,0.0917940148233394,0.06803537258946293,,42,0.08849330246448517,0.00012530002277344465,3,0.00012530002277344465,,,local only,,,,,,,,
smart_persistence,0.0364039362809096,0.07427343831884958,3.395081114896118e-05,0.07581304503293548,C,0.0364039362809096,0.07427343831884958,0.0364039362809096,,42,0.06909294426441193,0.0040086000226438046,3,0.0040086000226438046,,,local only,,,,,,,,
decision_tree,0.03863021044287788,0.07207462634862039,0.0007971363334033334,0.07265858675756028,C,0.03863021044287788,0.07207462634862039,0.03863021044287788,,42,0.06586117297410965,7.404865499935113,3,7.363059199997224,0.012676699785515666,23377.0,centralized pooled raw rows,,,,,,,,
local_xgboost,0.036422075048467714,0.06624765731542237,-0.0007889806477325895,0.06723467475520642,C,0.036422075048467714,0.06624765731542237,0.036422075048467714,,42,0.061769623309373856,140.3030260000378,3,139.83206779998727,0.29949649958871305,2200408.0,local only; no raw-data transfer,,,,,,,,
centralized_xgboost,0.03610295767519538,0.06560997151880303,-0.0006092836211966058,0.06633690785759613,C,0.03610295767519538,0.06560997151880303,0.03610295767519538,,42,0.06123824045062065,181.01787699991837,3,180.0106422000099,0.8633643001085147,853451.0,centralized pooled raw rows,,,,,,,,
local_only,0.036047624297982764,0.0656697587066205,0.001828333265613742,0.06776650846644426,D,0.036047624297982764,0.0656697587066205,0.036047624297982764,,42,0.062273018062114716,33.21343230002094,3,32.96005939983297,0.14100280008278787,126992.0,local only,,,,,,,,
centralized,0.03604827011154943,0.06433089100793618,-0.0015125573779159035,0.06563526188150727,C,0.03604827011154943,0.06433089100793618,0.03604827011154943,,42,0.06239187344908714,16.634956100024283,3,16.410969299962744,0.1291023000376299,31748.0,centralized pooled raw rows,,,,,,,,
fedavg,0.03561568678228019,0.06551070028772714,0.0019376675134677543,0.06686961142551971,C,0.03561568678228019,0.06551070028772714,0.03561568678228019,,42,0.06211656463799465,19.170938199968077,3,18.402294600149617,0.1185533000389114,31748.0,federated parameters,3.0,3.0,1.0,1.143696,381.232,0.0,2.0,0.0
reliability_fedavg,0.03561942207051692,0.06551108523928845,0.0014041844785632198,0.06685600491765575,C,0.03561942207051692,0.06551108523928845,0.03561942207051692,,42,0.06205744847591897,21.250806299969554,3,20.43676539999433,0.14579069998580962,31748.0,federated parameters,3.0,2.0,1.0,1.143696,381.232,0.0,2.0,0.0
reliability_fedavg_event,0.03748428594470248,0.06685917891651522,-0.0035763405355636576,0.06810111393545364,C,0.03748428594470248,0.06685917891651522,0.03748428594470248,,42,0.06276513043011162,12.112924100016244,3,11.441115299938247,0.15968249994330108,31748.0,federated parameters,3.0,3.0,0.75,0.85782,285.94,0.0,1.0,0.0
gru,0.03717206746205249,0.06934926030690247,0.001476930913846153,0.07061363971233392,C,0.03717206746205249,0.06934926030690247,0.03717206746205249,,42,0.06427388915646597,110.34777130000293,3,94.07764180004597,4.727513499907218,77572.0,federated parameters,3.0,3.0,1.0,2.79336,931.12,0.0,2.0,0.0
lstm,0.03674616046110309,0.06904952418040367,-0.001114971822482717,0.07045035614502218,C,0.03674616046110309,0.06904952418040367,0.03674616046110309,,42,0.06420910817700619,77.95002840005327,3,67.73789719992783,1.9867444999981672,96004.0,federated parameters,3.0,3.0,1.0,3.456912,1152.304,0.0,2.0,0.0
