method,rmse_mean,rmse_std,mae_mean,bias_mean,worst_site_rmse,validation_rmse,runtime_seconds,model_bytes
centralized,0.06433089100793618,,0.03604827011154943,-0.0015125573779159035,0.06563526188150727,0.06239187344908714,16.634956100024283,31748.0
centralized_xgboost,0.06560997151880303,,0.03610295767519538,-0.0006092836211966058,0.06633690785759613,0.06123824045062065,181.01787699991837,853451.0
decision_tree,0.07207462634862039,,0.03863021044287788,0.0007971363334033334,0.07265858675756028,0.06586117297410965,7.404865499935113,23377.0
fedavg,0.06551070028772714,,0.03561568678228019,0.0019376675134677543,0.06686961142551971,0.06211656463799465,19.170938199968077,31748.0
gru,0.06934926030690247,,0.03717206746205249,0.001476930913846153,0.07061363971233392,0.06427388915646597,110.34777130000293,77572.0
local_only,0.0656697587066205,,0.036047624297982764,0.001828333265613742,0.06776650846644426,0.062273018062114716,33.21343230002094,126992.0
local_xgboost,0.06624765731542237,,0.036422075048467714,-0.0007889806477325895,0.06723467475520642,0.061769623309373856,140.3030260000378,2200408.0
lstm,0.06904952418040367,,0.03674616046110309,-0.001114971822482717,0.07045035614502218,0.06420910817700619,77.95002840005327,96004.0
persistence,0.0917940148233394,,0.06803537258946293,-0.0019631071354889386,0.09403260333263007,0.08849330246448517,0.00012530002277344465,
reliability_fedavg,0.06551108523928845,,0.03561942207051692,0.0014041844785632198,0.06685600491765575,0.06205744847591897,21.250806299969554,31748.0
reliability_fedavg_event,0.06685917891651522,,0.03748428594470248,-0.0035763405355636576,0.06810111393545364,0.06276513043011162,12.112924100016244,31748.0
smart_persistence,0.07427343831884958,,0.0364039362809096,3.395081114896118e-05,0.07581304503293548,0.06909294426441193,0.0040086000226438046,
