dropout,method,global_rmse_mean,global_rmse_std,total_comm_mb_mean,total_comm_mb_std
0.0,fedavg,0.06419704335644622,0.0012707708801621327,5.08224,0.0
0.0,reliability_fedavg,0.06412746328763294,0.0013000359595473985,5.08224,0.0
0.0,reliability_fedavg_event,0.06483674217279671,0.0013165734194589289,2.5544624,0.3686979639932933
0.25,fedavg,0.06436225601489762,0.0009172823522773615,3.8752079999999998,0.14898636619503153
0.25,reliability_fedavg,0.06409603271506528,0.0007914012517755807,3.8752079999999998,0.14898636619503153
0.25,reliability_fedavg_event,0.06447929628304849,0.0012342302766729918,1.9064768,0.388939780412341
0.5,fedavg,0.064601502594074,0.000986720349237527,2.5030031999999998,0.2402332970493475
0.5,reliability_fedavg,0.06429368080688402,0.0011884520033000963,2.5030031999999998,0.2402332970493475
0.5,reliability_fedavg_event,0.06456176444034131,0.0007688225324442415,1.2966048000000001,0.2524260252573019
