scenario,method,clean_healthy_rmse_mean,clean_healthy_rmse_std,healthy_rmse_mean,healthy_rmse_std,damage_pct_mean,damage_pct_std
fault_target_noise_D,fedavg,0.06406672127569664,0.0012265667454368224,0.06534030546837999,0.0011125810467058842,1.9906632199102086,0.2168440719215095
fault_target_noise_D,reliability_fedavg,0.06391912857038523,0.0010958468575494626,0.06411509493718703,0.0011953073837240634,0.3051737406388644,0.3259839860576212
fault_target_noise_D,reliability_fedavg_event,0.0646873098950352,0.0011344235154926588,0.0643822045815768,0.0009725276694867178,-0.4687919587663643,0.2811700430689627
fault_stale_D,fedavg,0.06406672127569664,0.0012265667454368224,0.0662050033850105,0.0032003297589335592,3.2993654737544897,3.0212199956764203
fault_stale_D,reliability_fedavg,0.06391912857038523,0.0010958468575494626,0.06405462998154604,0.001111622683943419,0.2117609757802915,0.05506841801591167
fault_stale_D,reliability_fedavg_event,0.0646873098950352,0.0011344235154926588,0.0643331553486494,0.0013705083246845797,-0.5517575299550067,0.40251627972249715
fault_bias_D,fedavg,0.06406672127569664,0.0012265667454368224,0.06384121544285457,0.0010106652636919001,-0.3468864719784988,0.6201396379545283
fault_bias_D,reliability_fedavg,0.06391912857038523,0.0010958468575494626,0.06387300442031053,0.001002881727360082,-0.07049612907021514,0.156932347403997
fault_bias_D,reliability_fedavg_event,0.0646873098950352,0.0011344235154926588,0.06514084097463947,0.0014510207732843599,0.6962213833163644,0.642989374797282
fault_feature_corruption_D,fedavg,0.06406672127569664,0.0012265667454368224,0.06385607033014888,0.0008656486975231483,-0.3216872719458623,0.5572381813849594
fault_feature_corruption_D,reliability_fedavg,0.06391912857038523,0.0010958468575494626,0.06415530242911023,0.000692568201429096,0.3805571934656508,1.239081605881775
fault_feature_corruption_D,reliability_fedavg_event,0.0646873098950352,0.0011344235154926588,0.06425399909273859,0.0012032722271908792,-0.6690972535132178,0.8219405740478147
fault_target_noise_CD,fedavg,0.0625936078134961,0.001459734589582173,0.0635042297862115,0.0015547463904633664,1.4553904309769254,0.8448804773033054
fault_target_noise_CD,reliability_fedavg,0.062341589650341735,0.001359083363019338,0.06280171783140144,0.0018413582311921804,0.7317175943905722,1.4240051498994457
fault_target_noise_CD,reliability_fedavg_event,0.06308005922433055,0.0016400486402011057,0.06413672763268125,0.0023014948785793675,1.6679588382388737,1.983158171856737
fault_stale_CD,fedavg,0.0625936078134961,0.001459734589582173,0.06839773604583753,0.002808686422595619,9.242990522229677,2.0343837472134774
fault_stale_CD,reliability_fedavg,0.062341589650341735,0.001359083363019338,0.06267870160840476,0.0010883862721328672,0.5483145812702298,0.714623909015936
fault_stale_CD,reliability_fedavg_event,0.06308005922433055,0.0016400486402011057,0.06282274001213085,0.0008162289510944198,-0.38509385524195433,1.3258133570558035
