scenario,policy,delta,intervals,reserve_energy_mwh,reserve_used_mwh,shortfall_energy_mwh,ens_pct_of_demand,mean_reserve_mw,reserve_pct_of_forecast,expected_gap_energy_mwh,uncertainty_margin_energy_mwh,planned_capacity_gap_mwh,grid_import_energy_mwh,backup_power_limit_mw,backup_energy_limit_mwh_per_day,availability_pct,target_availability_pct,cost_reserve,cost_shortfall,total_cost,margin_violation_rate,calibration_alert_intervals
healthy,fixed_20pct,,3240,2454.72,203.55849171668638,328.9599846895568,1.3394760806822323,4.5457777777777775,24.00982768370596,81.36208673277902,4911.770944383097,2538.4130311158756,14253.679152065235,12.785,51.14,76.48148148148148,,2454.72,6579.199693791135,9033.919693791135,,
healthy,nsigma_d0.05,0.05,3240,1622.2205897194494,255.07009137618493,277.44838503005826,1.1297285161366781,3.004112203184166,15.867079269376488,81.36208673277902,2163.622849998934,622.7643470122636,14253.679152065235,12.785,51.14,85.40123456790123,95.0,1622.2205897194494,5548.967700601165,7171.188290320615,,
healthy,guarded_nsigma_d0.05,0.05,3240,1892.794501746474,238.65453351356692,293.86394289267633,1.1965702237345874,3.5051750032342115,18.513586000683958,81.36208673277902,2924.8042676521054,1113.3718526384102,14253.679152065235,12.785,51.14,83.76543209876543,95.0,1892.794501746474,5877.2788578535265,7770.073359600001,0.058333333333333334,1231.0
healthy,empirical_d0.05,0.05,3240,1680.0635353897844,253.1188753362456,279.39960106999763,1.1376735773458972,3.1112287692403418,16.43284610154582,81.36208673277902,2661.2340005589786,1062.532551901973,14253.679152065235,12.785,51.14,84.96913580246913,95.0,1680.0635353897844,5587.992021399952,7268.055556789736,,
common_cloud_shock,fixed_20pct,,3240,2454.72,255.45195907053417,2550.9048865810873,10.386904908496192,4.5457777777777775,24.00982768370596,81.36208673277902,4911.770944383097,2538.4130311158756,14253.679152065235,12.785,51.14,59.72222222222222,,2454.72,51018.09773162175,53472.81773162175,,
common_cloud_shock,nsigma_d0.05,0.05,3240,2454.7199999999984,315.13454810583704,2491.222297545785,10.143886291744312,4.545777777777776,24.00982768370595,81.36208673277902,8369.726992171205,5996.3690789039865,14253.679152065235,12.785,51.14,61.08024691358025,95.0,2454.7199999999984,49824.445950915695,52279.165950915696,,
common_cloud_shock,guarded_nsigma_d0.05,0.05,3240,2454.7199999999984,312.0745669308134,2494.2822787208083,10.156346079505884,4.545777777777776,24.00982768370595,81.36208673277902,9200.051376045289,6826.693462778069,14253.679152065235,12.785,51.14,60.92592592592593,95.0,2454.7199999999984,49885.645574416165,52340.365574416166,0.15679012345679014,3148.0
common_cloud_shock,empirical_d0.05,0.05,3240,2454.7199999999984,1024.7064222568188,1781.650423394803,7.254615264305951,4.545777777777776,24.00982768370595,81.36208673277902,10107.4775533178,7734.119640050581,14253.679152065235,12.785,51.14,57.098765432098766,95.0,2454.7199999999984,35633.00846789606,38087.728467896064,,
grid_import_reduced,fixed_20pct,,3240,2454.7199999999984,2333.9036795547704,2452.2792759444847,9.985316105787925,4.545777777777776,24.00982768370595,4625.361548058306,4911.770944383097,7082.412492441404,9709.67969073971,12.785,51.14,33.98148148148148,,2454.7199999999984,49045.5855188897,51500.3055188897,,
grid_import_reduced,nsigma_d0.05,0.05,3240,2454.7199999999984,2333.849550727359,2452.3334047718954,9.98553651031421,4.545777777777776,24.00982768370595,4625.361548058306,2163.622849998934,4334.264398057241,9709.67969073971,12.785,51.14,34.50617283950617,95.0,2454.7199999999984,49046.66809543791,51501.38809543791,,
grid_import_reduced,guarded_nsigma_d0.05,0.05,3240,2454.7199999999984,2310.197148081983,2475.9858074172726,10.08184557241502,4.545777777777776,24.00982768370595,4625.361548058306,2924.8042676521054,5095.445815710413,9709.67969073971,12.785,51.14,34.660493827160494,95.0,2454.7199999999984,49519.716148345455,51974.436148345456,0.058333333333333334,1231.0
grid_import_reduced,empirical_d0.05,0.05,3240,2454.7199999999984,2343.2639047272487,2442.919050772007,9.947202662476071,4.545777777777776,24.00982768370595,4625.361548058306,2661.2340005589786,4831.875548617286,9709.67969073971,12.785,51.14,34.629629629629626,95.0,2454.7199999999984,48858.381015440136,51313.10101544014,,
backup_depleted,fixed_20pct,,3240,306.84000000000003,60.87376851134204,471.64470789490116,1.9204670300607365,0.5682222222222224,3.0012284604632455,81.36208673277902,4911.770944383097,4686.293031115875,14253.679152065235,12.785,6.3925,61.75925925925926,,306.84000000000003,9432.894157898023,9739.734157898023,,
backup_depleted,nsigma_d0.05,0.05,3240,303.5988722721792,59.14529759634257,473.3731788099006,1.9275051062844497,0.562220133837369,2.969526711080074,81.36208673277902,2163.622849998934,1941.3860644595338,14253.679152065235,12.785,6.3925,65.4320987654321,95.0,303.5988722721792,9467.463576198012,9771.062448470191,,
backup_depleted,guarded_nsigma_d0.05,0.05,3240,306.84,53.871483041550995,478.6469933646922,1.9489792939634274,0.5682222222222222,3.001228460463245,81.36208673277902,2924.8042676521054,2699.3263543848843,14253.679152065235,12.785,6.3925,61.66666666666667,95.0,306.84,9572.939867293844,9879.779867293844,0.058333333333333334,1231.0
backup_depleted,empirical_d0.05,0.05,3240,299.5028244980383,70.24644816098055,462.2720282452627,1.8823028739721606,0.5546348601815524,2.9294629151109404,81.36208673277902,2661.2340005589786,2443.093262793719,14253.679152065235,12.785,6.3925,69.16666666666667,95.0,299.5028244980383,9245.440564905253,9544.943389403292,,
