seed,scenario,method,global_rmse,healthy_rmse,worst_site_rmse,forecast_bias,participation_rate,comm_mb,rejected_updates,fallback_rounds,quarantined_sites,drift_events,dropped_events,communication_availability,runtime_seconds,rounds,communication_model_transfers,quarantine_weight_recovery_rounds
42,healthy,fedavg,0.064340154071729,0.064340154071729,0.0655851349426356,-0.0006591578625695,1.0,7.62464,0,0,0,0,0,1.0,76.32875750004314,20,3,
42,healthy,reliability_fedavg,0.0643838302614051,0.0643838302614051,0.0656088840266306,-0.0025257621245364,1.0,7.62464,0,0,0,0,0,1.0,66.59710170002654,20,3,
42,healthy,reliability_fedavg_event,0.0648653134965903,0.0648653134965903,0.0661454321133043,-0.0010894512097483,0.45,3.431792,0,9,0,0,0,1.0,27.01008550007828,20,3,
42,stale_50pct,fedavg,0.0704625757505969,0.0693308535667194,0.0718049576451496,0.0111506326218788,1.0,7.62464,0,0,0,0,0,1.0,53.9643716000719,20,3,
42,stale_50pct,reliability_fedavg,0.0640044404443086,0.0631163670278692,0.0652846221023211,0.0023366418528798,1.0,7.62464,0,0,0,0,0,1.0,55.43823800003156,20,3,
42,stale_50pct,reliability_fedavg_event,0.0650412897862871,0.0641107478383295,0.0663485279412435,-0.0012961271542561,0.45,3.431792,0,10,0,0,0,1.0,22.5888266999973,20,3,
42,biased_25pct,fedavg,0.0643291667378299,0.0641272693002196,0.0655647744587994,-0.0008827750765327,1.0,7.62464,0,0,0,0,0,1.0,61.3723610000452,20,3,
42,biased_25pct,reliability_fedavg,0.0642783184990541,0.0640708882522056,0.0655489385535011,-0.0013784036864156,0.875,6.67156,0,0,1,0,0,1.0,55.66805769992061,20,3,
42,biased_25pct,reliability_fedavg_event,0.0647915434333384,0.0645594659735707,0.065992082471152,-0.002240224103707,0.4125,3.145916,0,12,1,0,0,1.0,31.67924520000816,20,3,
42,dropout_50pct,fedavg,0.0649220792944949,0.0649220792944949,0.0661654709854293,-0.0030760131132146,0.525,4.002936,0,7,0,0,38,0.525,41.10111809999216,20,3,
42,dropout_50pct,reliability_fedavg,0.064875977034275,0.064875977034275,0.06611327636775,-0.0024458752509187,0.525,4.002936,0,7,0,0,38,0.525,40.21750439994503,20,3,
42,dropout_50pct,reliability_fedavg_event,0.0649118742942509,0.0649118742942509,0.0662413614547185,-0.0025481083322832,0.2375,1.811556,0,16,0,0,17,0.5277777777777778,18.39107050001621,20,3,
42,under_participation,fedavg,0.0667716926328135,0.0667716926328135,0.0680224510162254,0.0002859181492146,0.425,3.240472,0,6,0,0,6,0.85,30.54388109990396,20,3,
42,under_participation,reliability_fedavg,0.0667738768347388,0.0667738768347388,0.0680250538073741,0.0003048627854836,0.425,3.240472,0,6,0,0,6,0.85,31.31752670009155,20,3,
42,under_participation,reliability_fedavg_event,0.0667738768347388,0.0667738768347388,0.0680250538073741,0.0003048627854836,0.1375,1.04938,0,19,0,0,7,0.6111111111111112,14.292436900082976,20,3,
42,fault_and_dropout,fedavg,0.0646121910577116,0.0644087188589794,0.0659139430162957,-0.0020029491086556,0.775,5.909096,0,15,0,0,18,0.775,64.65752540004905,20,3,
42,fault_and_dropout,reliability_fedavg,0.064561581512499,0.0644205046516566,0.0657662383113035,-0.0023710538509953,0.725,5.527864,0,2,1,0,16,0.7837837837837838,53.43302849994507,20,3,
42,fault_and_dropout,reliability_fedavg_event,0.0670706140326154,0.0668521626377825,0.0682519718325712,-0.0050922604446115,0.3375,2.574052,0,14,1,0,7,0.7941176470588236,24.723392799962312,20,3,
42,sensor_recovery,fedavg,0.0644175383020708,0.0642404355265978,0.0656083655885902,6.80320187964551e-05,1.0,7.62464,0,0,0,0,0,1.0,77.10619629989378,20,3,0.0
42,sensor_recovery,reliability_fedavg,0.0644460674005976,0.0642359174921294,0.0657075828826627,0.0013775775863765,0.925,7.052792,0,0,1,0,0,1.0,74.01209840003867,20,3,2.0
42,sensor_recovery,reliability_fedavg_event,0.0645578550189996,0.0643496632805195,0.0658655333921679,0.0052489232218142,0.4625,3.5270840000000003,0,9,1,0,0,1.0,33.48870420001913,20,3,2.0
42,seasonal_shift,fedavg,0.0491299478835659,0.0491299478835659,0.053319230503598,0.0162072531906644,1.0,7.62464,0,0,0,0,0,1.0,55.01436310005374,20,3,
42,seasonal_shift,reliability_fedavg,0.0497066636448495,0.0497066636448495,0.0540955164757239,0.0160169796337835,1.0,7.62464,0,0,0,0,0,1.0,37.73144600004889,20,3,
42,seasonal_shift,reliability_fedavg_event,0.0486033720035473,0.0486033720035473,0.0520433448569771,0.0160290323870326,0.45,3.431792,0,9,0,0,0,1.0,19.409497100044973,20,3,
43,healthy,fedavg,0.0630141414959725,0.0630141414959725,0.0665065862474757,-0.0013047777695377,1.0,7.62464,0,0,0,0,0,1.0,25.947731800028123,20,3,
43,healthy,reliability_fedavg,0.0628748081026093,0.0628748081026093,0.0662021766927498,-0.0023679171575953,1.0,7.62464,0,0,0,0,0,1.0,25.326309800031595,20,3,
43,healthy,reliability_fedavg_event,0.0647129627558801,0.0647129627558801,0.0692171717149402,-0.0056322589899896,0.5375,4.098836,0,7,0,0,0,1.0,16.34366819995921,20,3,
43,stale_50pct,fedavg,0.0678864139475446,0.0654302572588558,0.0714978354896124,0.0045619634438559,1.0,7.62464,0,0,0,0,0,1.0,31.64321090001613,20,3,
43,stale_50pct,reliability_fedavg,0.0641710195686036,0.0615475328003356,0.0682852990855878,-0.0053905749994039,1.0,7.62464,0,0,0,0,0,1.0,34.326324999914505,20,3,
43,stale_50pct,reliability_fedavg_event,0.0652035862552717,0.0621980455156531,0.0697532185623766,-0.008561236698712,0.5375,4.098836,0,7,0,0,0,1.0,22.76503940008115,20,3,
43,biased_25pct,fedavg,0.0630042736798498,0.0627018927769213,0.0666532947908349,-0.0025365941627839,1.0,7.62464,0,0,0,0,0,1.0,33.343056199955754,20,3,
43,biased_25pct,reliability_fedavg,0.06333792824884,0.0630476252226194,0.0667649352889182,-0.0023101983679281,0.875,6.67156,0,0,1,0,0,1.0,30.79613919998519,20,3,
43,biased_25pct,reliability_fedavg_event,0.0635903458051427,0.0631503442229057,0.0670901473236347,-0.0045035557872066,0.525,4.003544,0,9,1,0,0,1.0,18.015456299996004,20,3,
43,dropout_50pct,fedavg,0.0642211396763713,0.0642211396763713,0.0686719097983894,-0.0017672258858252,0.4875,3.717012,0,9,0,0,41,0.4875,14.225988299935125,20,3,
43,dropout_50pct,reliability_fedavg,0.0635790146852147,0.0635790146852147,0.0665909823484163,-0.0049567315061688,0.4875,3.717012,0,9,0,0,41,0.4875,14.547017300035805,20,3,
43,dropout_50pct,reliability_fedavg_event,0.0649426950631682,0.0649426950631682,0.0701043376888372,-0.0015718133691779,0.225,1.716136,0,16,0,0,25,0.4186046511627906,8.40317900001537,20,3,
43,under_participation,fedavg,0.0644358837832173,0.0644358837832173,0.0697902845748262,0.0004509026315813,0.3875,2.954548,0,8,0,0,9,0.775,11.809292700025251,20,3,
43,under_participation,reliability_fedavg,0.0647905246930696,0.0647905246930696,0.070346825564294,-0.0017187451241861,0.3875,2.954548,0,8,0,0,9,0.775,11.48598909995053,20,3,
43,under_participation,reliability_fedavg_event,0.0663556416290137,0.0663556416290137,0.0724951568418865,0.005976816722195,0.1875,1.430548,0,17,0,0,7,0.6818181818181819,6.474757399992086,20,3,
43,fault_and_dropout,fedavg,0.0638507899835414,0.0635138159187744,0.0673290792116479,-0.0039475814246689,0.7125,5.432556,0,15,0,0,23,0.7125,21.07708940003068,20,3,
43,fault_and_dropout,reliability_fedavg,0.0643858248978399,0.064008023096801,0.0680978487814736,-0.0025979267849486,0.65,4.956016,0,1,1,0,19,0.7323943661971831,20.97634639998432,20,3,
43,fault_and_dropout,reliability_fedavg_event,0.0640161187838257,0.0638024985546916,0.0684904280739717,-0.0049744943577238,0.3875,2.95522,0,11,1,0,7,0.8157894736842105,16.83998559997417,20,3,
43,sensor_recovery,fedavg,0.0634821746320617,0.0632082740879056,0.0671402118193569,-0.0035294081063511,1.0,7.62464,0,0,0,0,0,1.0,33.598858000012115,20,3,0.0
43,sensor_recovery,reliability_fedavg,0.0632346669490351,0.0629672386480045,0.0665323323301927,-0.0033808984361802,0.925,7.052792,0,0,1,0,0,1.0,27.72411049995572,20,3,2.0
43,sensor_recovery,reliability_fedavg_event,0.063581285229893,0.063065658651918,0.0665388508622264,-0.005899241017203,0.5,3.81296,0,8,1,0,0,1.0,22.465188100002702,20,3,5.0
43,seasonal_shift,fedavg,0.0466512124034247,0.0466512124034247,0.0507688605209554,-0.0105931472416039,1.0,7.62464,0,0,0,0,0,1.0,43.2286274000071,20,3,
43,seasonal_shift,reliability_fedavg,0.0497805790886033,0.0497805790886033,0.0539700099047092,-0.0171866715047086,1.0,7.62464,0,0,0,0,0,1.0,56.065058999927714,20,3,
43,seasonal_shift,reliability_fedavg_event,0.0486730584256871,0.0486730584256871,0.0518951318312303,-0.0084591982976609,0.525,4.003544,0,7,0,4,0,1.0,37.9021686000051,20,3,
44,healthy,fedavg,0.0650616067723695,0.0650616067723695,0.0690047834454904,-0.0067097441228649,1.0,7.62464,0,0,0,0,0,1.0,79.72690400003921,20,3,
44,healthy,reliability_fedavg,0.0644039199758989,0.0644039199758989,0.0680964739236414,-0.0018588265201459,1.0,7.62464,0,0,0,0,0,1.0,99.7999034000095,20,3,
44,healthy,reliability_fedavg_event,0.0660232572860057,0.0660232572860057,0.069427710751488,0.0026235441047382,0.5625,4.28942,0,3,0,0,0,1.0,55.48085490008816,20,3,
44,stale_50pct,fedavg,0.0725749622286894,0.070664821687795,0.0769611604475864,0.0065639794456681,1.0,7.62464,0,0,0,0,0,1.0,99.60580110002776,20,3,
44,stale_50pct,reliability_fedavg,0.0655811559291908,0.0634595577066903,0.0691973051534203,-0.0058786048996934,1.0,7.62464,0,0,0,0,0,1.0,103.12654440000188,20,3,
44,stale_50pct,reliability_fedavg_event,0.0653085990403516,0.0631237374214912,0.0691473497525658,-0.0047537813335035,0.5625,4.28942,0,4,0,0,0,1.0,50.2657351999078,20,3,
44,biased_25pct,fedavg,0.0644714390891866,0.0643696834083556,0.0681559330234126,-0.0060146669055077,1.0,7.62464,0,0,0,0,0,1.0,93.10438679996878,20,3,
44,biased_25pct,reliability_fedavg,0.0649449742904723,0.0648298002216557,0.0684010006193968,-0.0055452899874987,0.875,6.67156,0,0,1,0,0,1.0,62.25759069994092,20,3,
44,biased_25pct,reliability_fedavg_event,0.0651961081929943,0.0651337475390238,0.068834882722033,-0.003020886548982,0.55,4.194128,0,6,1,0,0,1.0,35.464632499963045,20,3,
44,dropout_50pct,fedavg,0.0652888642611233,0.0652888642611233,0.0680991876550854,-0.0025336327876369,0.4125,3.1451640000000003,0,9,0,0,47,0.4125,18.59346190001816,20,3,
44,dropout_50pct,reliability_fedavg,0.064952184810524,0.064952184810524,0.0679179628006675,-0.0006180213636422,0.4125,3.1451640000000003,0,9,0,0,47,0.4125,22.73713710007724,20,3,
44,dropout_50pct,reliability_fedavg_event,0.065578179564758,0.065578179564758,0.0696361540360313,-0.006131590607368,0.3125,2.38326,0,13,0,0,20,0.5555555555555556,16.406416499987245,20,3,
44,under_participation,fedavg,0.0646644334782881,0.0646644334782881,0.0677596517280361,0.0014513572809271,0.3625,2.763932,0,9,0,0,11,0.725,17.612953100004233,20,3,
44,under_participation,reliability_fedavg,0.0647459090704055,0.0647459090704055,0.0677615965689926,0.0024820541827901,0.3625,2.763932,0,9,0,0,11,0.725,18.78059669991489,20,3,
44,under_participation,reliability_fedavg_event,0.0659659779851181,0.0659659779851181,0.0690822700327626,0.000159166663894,0.2,1.52584,0,16,0,0,7,0.6956521739130435,12.319157600053586,20,3,
44,fault_and_dropout,fedavg,0.0665767997548772,0.0665251622511167,0.0696363300357525,-0.0001960731496129,0.775,5.909096,0,14,0,0,18,0.775,34.99069230002351,20,3,
44,fault_and_dropout,reliability_fedavg,0.0653144184981452,0.0652541667090491,0.0692426435192637,-0.0076329789393754,0.725,5.527864,0,1,1,0,16,0.7837837837837838,22.472743800026365,20,3,
44,fault_and_dropout,reliability_fedavg_event,0.0667853378525276,0.0663525616237378,0.070216383692491,-0.0067400891281564,0.4,3.05048,0,11,1,0,9,0.7804878048780488,13.690850600018166,20,3,
44,sensor_recovery,fedavg,0.0651379446361572,0.0650966101568471,0.0688820014321303,-0.004440179348902,1.0,7.62464,0,0,0,0,0,1.0,27.848158899927512,20,3,0.0
44,sensor_recovery,reliability_fedavg,0.0654779380795342,0.065383708425973,0.0687738917634469,-0.0054514218110159,0.9375,7.1481,0,0,1,0,0,1.0,26.025198100018315,20,3,2.0
44,sensor_recovery,reliability_fedavg_event,0.0658737495851951,0.0657155764293755,0.0686796667586729,-0.0058898140680476,0.5375,4.098836,0,5,1,0,0,1.0,14.126004599966109,20,3,
44,seasonal_shift,fedavg,0.0681806723265133,0.0681806723265133,0.1096661311122828,0.0284336185068219,1.0,7.62464,0,0,0,0,0,1.0,21.64179080002941,20,3,
44,seasonal_shift,reliability_fedavg,0.0663592060678773,0.0663592060678773,0.1059097325746309,0.0293375686657129,1.0,7.62464,0,0,0,0,0,1.0,22.708849899936467,20,3,
44,seasonal_shift,reliability_fedavg_event,0.0611713320123959,0.0611713320123959,0.0888040279725227,0.0275842284029317,0.6,4.575296,0,3,0,7,0,1.0,13.05280149995815,20,3,
45,healthy,fedavg,0.065343259269732,0.065343259269732,0.0677557770635605,-0.0052892131202755,1.0,7.62464,0,0,0,0,0,1.0,20.34339940000791,20,3,
45,healthy,reliability_fedavg,0.0652178041360739,0.0652178041360739,0.0669812706957305,-0.0037615371121846,1.0,7.62464,0,0,0,0,0,1.0,20.26949700003024,20,3,
45,healthy,reliability_fedavg_event,0.0655402661251398,0.0655402661251398,0.0672053129845399,-0.0098480254736173,0.5625,4.28942,0,7,0,0,0,1.0,11.659732600091957,20,3,
45,stale_50pct,fedavg,0.0705565363147821,0.0704947158941055,0.0720266896001411,0.0026764193879213,1.0,7.62464,0,0,0,0,0,1.0,20.82934789999853,20,3,
45,stale_50pct,reliability_fedavg,0.0657097653097386,0.0643792290808233,0.0684380743000507,-0.0070696762911918,1.0,7.62464,0,0,0,0,0,1.0,20.69238350004889,20,3,
45,stale_50pct,reliability_fedavg_event,0.0654613660071683,0.0645095037428936,0.0678538530174188,-0.0054065772747272,0.5625,4.28942,0,8,0,0,0,1.0,11.5937931999797,20,3,
45,biased_25pct,fedavg,0.0647158915190239,0.0638183939991181,0.0673366484355158,-0.0039065648859652,1.0,7.62464,0,0,0,0,0,1.0,18.63183789991308,20,3,
45,biased_25pct,reliability_fedavg,0.0647995483038445,0.0639580035174498,0.0672610377537748,-0.0032608060732574,0.875,6.67156,0,0,1,0,0,1.0,18.121490700053982,20,3,
45,biased_25pct,reliability_fedavg_event,0.0655576642393712,0.0646860527224674,0.0681056026450618,-0.0087652051518972,0.5375,4.098836,0,7,1,0,0,1.0,10.711300499970092,20,3,
45,dropout_50pct,fedavg,0.0655763849309511,0.0655763849309511,0.0669037486123133,-0.0029474810861812,0.5125,3.907628,0,6,0,0,39,0.5125,14.196893600048496,20,3,
45,dropout_50pct,reliability_fedavg,0.0655115588635421,0.0655115588635421,0.0668584529677389,-0.0028492658670703,0.5125,3.907628,0,6,0,0,39,0.5125,16.009770400007255,20,3,
45,dropout_50pct,reliability_fedavg_event,0.0656088650913147,0.0656088650913147,0.0677600931477075,-0.0098168808832067,0.35,2.669184,0,11,0,0,17,0.6222222222222222,7.857107800082304,20,3,
45,under_participation,fedavg,0.0655505166527957,0.0655505166527957,0.0682241984573143,-0.0105797750164128,0.3625,2.763932,0,9,0,0,11,0.725,8.276086500030942,20,3,
45,under_participation,reliability_fedavg,0.0655413347605673,0.0655413347605673,0.0674502007392516,-0.0030624428045305,0.3625,2.763932,0,9,0,0,11,0.725,7.617824299959466,20,3,
45,under_participation,reliability_fedavg_event,0.0671116195420445,0.0671116195420445,0.0695596219713068,-0.0122851305272518,0.2375,1.811764,0,15,0,0,4,0.8260869565217391,4.779313100036234,20,3,
45,fault_and_dropout,fedavg,0.0653047985497246,0.064272218184479,0.0683089508294528,-0.0071184624313204,0.7625,5.813788,0,12,0,0,19,0.7625,13.70897130004596,20,3,
45,fault_and_dropout,reliability_fedavg,0.066224102737954,0.0654219992094438,0.0685741437577381,-0.0092657586428977,0.6625,5.051324,0,2,1,0,18,0.7464788732394366,12.0795995000517,20,3,
45,fault_and_dropout,reliability_fedavg_event,0.0654115344428447,0.0647215591990553,0.0674391183008746,-0.0071940815183148,0.3625,2.764572,0,14,1,0,11,0.725,7.818400399992242,20,3,
45,sensor_recovery,fedavg,0.0647785523827775,0.0639411256895509,0.0672282733073826,-0.0040330668798268,1.0,7.62464,0,0,0,0,0,1.0,37.832535499939695,20,3,0.0
45,sensor_recovery,reliability_fedavg,0.0664345689894682,0.0656501808020822,0.06873404621603,-0.0068369098986991,0.925,7.052792,0,0,1,0,0,1.0,52.88763390004169,20,3,2.0
45,sensor_recovery,reliability_fedavg_event,0.0651875484756683,0.0641675827029294,0.0681559234055159,-0.0095896022505055,0.4375,3.3365,0,11,1,0,0,1.0,33.17756460001692,20,3,
45,seasonal_shift,fedavg,0.0636991976308369,0.0636991976308369,0.0770431975890286,0.0223944826169253,1.0,7.62464,0,0,0,0,0,1.0,42.81557330000214,20,3,
45,seasonal_shift,reliability_fedavg,0.0644720940493832,0.0644720940493832,0.0768784657457393,0.0177300381510596,1.0,7.62464,0,0,0,0,0,1.0,29.53279139997904,20,3,
45,seasonal_shift,reliability_fedavg_event,0.0555817943193859,0.0555817943193859,0.0597992379680483,0.0064376532191656,0.625,4.76588,0,4,0,4,0,1.0,14.37861549993977,20,3,
46,healthy,fedavg,0.0626070347782242,0.0626070347782242,0.0644188886968755,0.0001591993456514,1.0,7.62464,0,0,0,0,0,1.0,41.65138090006076,20,3,
46,healthy,reliability_fedavg,0.0630321965246195,0.0630321965246195,0.0648659462362303,0.0016023069317273,1.0,7.62464,0,0,0,0,0,1.0,49.82706080004573,20,3,
46,healthy,reliability_fedavg_event,0.0629116549608183,0.0629116549608183,0.0647613374356948,-0.0031770485684754,0.5625,4.28942,0,7,0,0,0,1.0,21.70381159998942,20,3,
46,stale_50pct,fedavg,0.0703086884442019,0.068687835407959,0.0724661129096556,0.0141255806806392,1.0,7.62464,0,0,0,0,0,1.0,38.99521650001407,20,3,
46,stale_50pct,reliability_fedavg,0.0630264236039437,0.0614772273980889,0.0648793479847872,0.0005481850530792,1.0,7.62464,0,0,0,0,0,1.0,39.995873800013214,20,3,
46,stale_50pct,reliability_fedavg_event,0.0634402651652253,0.0618413586252947,0.0653910085367429,-0.0007537881149349,0.5625,4.28942,0,7,0,0,0,1.0,16.58710619993508,20,3,
46,biased_25pct,fedavg,0.0630450447143048,0.0626905433819766,0.0647936200838638,0.0013976507397344,1.0,7.62464,0,0,0,0,0,1.0,28.61431119998452,20,3,
46,biased_25pct,reliability_fedavg,0.0630795049575409,0.0626901367485369,0.0649452020778132,0.0002593975360875,0.875,6.67156,0,0,1,0,0,1.0,22.47645969991572,20,3,
46,biased_25pct,reliability_fedavg_event,0.0630596321563507,0.0626769706692872,0.0649169348520703,-0.0031926349356702,0.4375,3.3365,0,11,1,0,0,1.0,12.87094709998928,20,3,
46,dropout_50pct,fedavg,0.0630880396055588,0.0630880396055588,0.0648784645072901,-0.0009731636049974,0.525,4.002936,0,5,0,0,38,0.525,18.074118599994108,20,3,
46,dropout_50pct,reliability_fedavg,0.0627947337081394,0.0627947337081394,0.0646122883538047,-0.0020136632978355,0.525,4.002936,0,5,0,0,38,0.525,14.50559719989542,20,3,
46,dropout_50pct,reliability_fedavg_event,0.0637594038666987,0.0637594038666987,0.0656506098256047,-0.0037256027599307,0.35,2.669184,0,9,0,0,17,0.6222222222222222,9.947728500002995,20,3,
46,under_participation,fedavg,0.0627989315930319,0.0627989315930319,0.0646524080248641,-0.0012137675794009,0.4125,3.1451640000000003,0,7,0,0,7,0.825,14.274446900002658,20,3,
46,under_participation,reliability_fedavg,0.0629324659530031,0.0629324659530031,0.064769295213005,-0.0007516257204172,0.4125,3.1451640000000003,0,7,0,0,7,0.825,11.034483000054024,20,3,
46,under_participation,reliability_fedavg_event,0.0661113169237396,0.0661113169237396,0.0680116757892432,-0.0049475244622401,0.1875,1.430612,0,17,0,0,3,0.8333333333333334,5.623469899990596,20,3,
46,fault_and_dropout,fedavg,0.0633325998900813,0.0629381021256984,0.065214912272378,-0.005438002725315,0.7875,6.004403999999999,0,12,0,0,17,0.7875,20.520346499979496,20,3,
46,fault_and_dropout,reliability_fedavg,0.0630126389108883,0.0626363751866107,0.0648651006450809,0.0013643270424951,0.7,5.337248,0,1,1,0,17,0.7671232876712328,13.084440400009044,20,3,
46,fault_and_dropout,reliability_fedavg_event,0.0632651894570682,0.062864767515397,0.0651451362079484,-0.0025374826677534,0.3,2.288112,0,13,1,0,11,0.6857142857142857,6.113943699980155,20,3,
46,sensor_recovery,fedavg,0.0628562032467641,0.0625007183496077,0.0647312728858299,-0.0033696682344964,1.0,7.62464,0,0,0,0,0,1.0,18.10140079993289,20,3,0.0
46,sensor_recovery,reliability_fedavg,0.0628180739534377,0.0624329875684671,0.0646170056869935,0.000509673298177,0.9375,7.1481,0,0,1,0,0,1.0,19.64818829996512,20,3,2.0
46,sensor_recovery,reliability_fedavg_event,0.0630949278994238,0.0627103615848988,0.0649795246266609,-0.0018254647463096,0.4625,3.5270840000000003,0,10,1,0,0,1.0,10.66265770001337,20,3,5.0
46,seasonal_shift,fedavg,0.0426451599465644,0.0426451599465644,0.0440061582632794,0.0028076992505306,1.0,7.62464,0,0,0,0,0,1.0,19.20563470001798,20,3,
46,seasonal_shift,reliability_fedavg,0.042676647533935,0.042676647533935,0.0440682675702262,0.0016115637653137,1.0,7.62464,0,0,0,0,0,1.0,19.411922200000845,20,3,
46,seasonal_shift,reliability_fedavg_event,0.0419625926878366,0.0419625926878366,0.0435129240288749,-0.0067352153777063,0.6,4.575296,0,6,0,3,0,1.0,11.196325800032357,20,3,
