seed,scenario,method,rounds,communication_model_transfers,global_rmse,healthy_rmse,worst_site_rmse,forecast_bias,participation_rate,comm_mb,rejected_updates,fallback_rounds,quarantined_sites,drift_events,dropped_events,quarantine_weight_recovery_rounds,communication_availability,runtime_seconds
42,sensor_recovery,fedavg,20,3,0.0644175383020708,0.06424043552659782,0.06560836558859026,6.80320187964551e-05,1.0,7.62464,0,0,0,0,0,0.0,1.0,112.52488120005
42,sensor_recovery,reliability_fedavg,20,3,0.06444606740059766,0.06423591749212947,0.06570758288266272,0.0013775775863765084,0.925,7.052792,0,0,1,0,0,2.0,1.0,85.99876579991542
42,sensor_recovery,reliability_fedavg_event,20,3,0.06455785501899965,0.06434966328051957,0.06586553339216795,0.005248923221814286,0.4625,3.527084,0,9,1,0,0,2.0,1.0,50.610620499937795
43,sensor_recovery,fedavg,20,3,0.06348217463206177,0.06320827408790566,0.06714021181935696,-0.003529408106351184,1.0,7.62464,0,0,0,0,0,0.0,1.0,63.43922889989335
43,sensor_recovery,reliability_fedavg,20,3,0.0632346669490351,0.06296723864800458,0.0665323323301927,-0.003380898436180247,0.925,7.052792,0,0,1,0,0,2.0,1.0,62.95803259999957
43,sensor_recovery,reliability_fedavg_event,20,3,0.06358128522989308,0.06306565865191809,0.06653885086222648,-0.005899241017203077,0.5,3.81296,0,8,1,0,0,5.0,1.0,38.824875400052406
44,sensor_recovery,fedavg,20,3,0.0651379446361572,0.06509661015684719,0.06888200143213033,-0.004440179348902078,1.0,7.62464,0,0,0,0,0,0.0,1.0,86.88743739994243
44,sensor_recovery,reliability_fedavg,20,3,0.06547793807953428,0.06538370842597306,0.06877389176344698,-0.005451421811015975,0.9375,7.1481,0,0,1,0,0,2.0,1.0,70.41508379997686
44,sensor_recovery,reliability_fedavg_event,20,3,0.06587374958519514,0.06571557642937556,0.06867966675867296,-0.005889814068047689,0.5375,4.098836,0,5,1,0,0,,1.0,38.92457169992849
45,sensor_recovery,fedavg,20,3,0.06477855238277752,0.06394112568955097,0.06722827330738265,-0.004033066879826857,1.0,7.62464,0,0,0,0,0,0.0,1.0,52.972895599901676
45,sensor_recovery,reliability_fedavg,20,3,0.0664345689894682,0.06565018080208229,0.06873404621603008,-0.006836909898699144,0.925,7.052792,0,0,1,0,0,2.0,1.0,49.481097399955615
45,sensor_recovery,reliability_fedavg_event,20,3,0.0651875484756683,0.06416758270292941,0.06815592340551596,-0.009589602250505576,0.4375,3.3365,0,11,1,0,0,,1.0,19.36310149997007
46,sensor_recovery,fedavg,20,3,0.06285620324676411,0.06250071834960777,0.06473127288582994,-0.003369668234496416,1.0,7.62464,0,0,0,0,0,0.0,1.0,59.845603100024164
46,sensor_recovery,reliability_fedavg,20,3,0.06281807395343778,0.062432987568467165,0.06461700568699352,0.0005096732981770896,0.9375,7.1481,0,0,1,0,0,2.0,1.0,50.32369880005717
46,sensor_recovery,reliability_fedavg_event,20,3,0.06309492789942389,0.06271036158489886,0.06497952462666096,-0.0018254647463096757,0.4625,3.527084,0,10,1,0,0,5.0,1.0,27.852812899975106
