seed,scenario,method,global_rmse,healthy_rmse,worst_site_rmse,forecast_bias,participation_rate,comm_mb,rejected_updates,fallback_rounds,quarantined_sites,drift_events,dropped_events,communication_availability,runtime_seconds
42,healthy,fedavg,0.06434015407172901,0.06434015407172901,0.06558513494263567,-0.0006591578625695412,1.0,1.2712,0,0,0,0,0,1.0,35.44656730000861
42,healthy,reliability_fedavg,0.06438383026140511,0.06438383026140511,0.0656088840266306,-0.002525762124536481,1.0,1.2712,0,0,0,0,0,1.0,24.064208700088784
42,healthy,reliability_fedavg_event,0.06450452316634882,0.06450452316634882,0.06567079662236547,-0.0009170683927544657,0.55,0.699304,0,1,0,0,0,1.0,15.020640300004743
42,stale_50pct,fedavg,0.07019466352560151,0.06918062554416536,0.07134844324644316,0.0015611438447469908,1.0,1.2712,0,0,0,0,0,1.0,24.153272899915464
42,stale_50pct,reliability_fedavg,0.06438588414152736,0.06346203496716231,0.06562564858745526,-0.004093804486093952,1.0,1.2712,0,0,0,0,0,1.0,24.80904510000255
42,stale_50pct,reliability_fedavg_event,0.06649623546054582,0.06554060221024115,0.06764124569483712,0.01127543307655815,0.55,0.699304,0,1,0,0,0,1.0,14.066930599976331
42,biased_25pct,fedavg,0.06432916673782998,0.06412726930021964,0.06556477445879945,-0.0008827750765327819,1.0,1.2712,0,0,0,0,0,1.0,22.238115600077435
42,biased_25pct,reliability_fedavg,0.06427831849905412,0.06407088825220564,0.06554893855350112,-0.0013784036864156709,1.0,1.2712,0,0,1,0,0,1.0,17.95943179994356
42,biased_25pct,reliability_fedavg_event,0.06455595278911441,0.06436371181722178,0.06560754514355119,0.0023066488625183277,0.55,0.699304,0,1,0,0,0,1.0,10.289933899999596
42,dropout_50pct,fedavg,0.06492207929449499,0.06492207929449499,0.06616547098542937,-0.003076013113214674,0.5,0.6356,0,1,0,0,10,0.5,8.552487300010398
42,dropout_50pct,reliability_fedavg,0.064875977034275,0.064875977034275,0.06611327636775005,-0.0024458752509187356,0.5,0.6356,0,1,0,0,10,0.5,10.405983000062406
42,dropout_50pct,reliability_fedavg_event,0.06702173524010646,0.06702173524010646,0.06818815496847681,-0.005725449032782611,0.25,0.317944,0,4,0,0,6,0.4545454545454546,3.932908399961889
42,under_participation,fedavg,0.06677169263281355,0.06677169263281355,0.06802245101622544,0.0002859181492146524,0.4,0.50848,0,2,0,0,2,0.8,6.04725849989336
42,under_participation,reliability_fedavg,0.06677387683473883,0.06677387683473883,0.06802505380737417,0.00030486278548363054,0.4,0.50848,0,2,0,0,2,0.8,5.8944099000655115
42,under_participation,reliability_fedavg_event,0.06677387683473883,0.06677387683473883,0.06802505380737417,0.00030486278548363054,0.2,0.254464,0,4,0,0,2,0.6666666666666667,4.511750999954529
42,fault_and_dropout,fedavg,0.06562684528070585,0.06538336610870131,0.06697805391594808,0.0025988828453125876,0.75,0.9534,0,2,0,0,5,0.75,13.126912100007758
42,fault_and_dropout,reliability_fedavg,0.0644269740526878,0.06422503566433592,0.06570167146929547,-0.0022975291110076705,0.75,0.9534,0,0,1,0,5,0.75,10.974140099948272
42,fault_and_dropout,reliability_fedavg_event,0.0670706140326154,0.06685216263778257,0.06825197183257124,-0.005092260444611563,0.5,0.635728,0,3,1,0,2,0.8333333333333334,8.901338100084104
42,sensor_recovery,fedavg,0.064613026588236,0.06442419886185771,0.06588013691974161,-0.0013644853124860899,1.0,1.2712,0,0,0,0,0,1.0,16.000713199959137
42,sensor_recovery,reliability_fedavg,0.06444606740059766,0.06423591749212947,0.06570758288266272,0.0013775775863765084,0.9,1.14408,0,0,1,0,0,1.0,14.74104150000494
42,sensor_recovery,reliability_fedavg_event,0.064633727523031,0.06442766428652683,0.06582623775810639,0.004285224745924243,0.55,0.699304,0,1,0,0,0,1.0,9.780405599973164
42,seasonal_shift,fedavg,0.04912994788356596,0.04912994788356596,0.053319230503598075,0.016207253190664433,1.0,1.2712,0,0,0,0,0,1.0,15.994455800042488
42,seasonal_shift,reliability_fedavg,0.04970666364484956,0.04970666364484956,0.05409551647572398,0.01601697963378352,1.0,1.2712,0,0,0,0,0,1.0,14.819140899926424
42,seasonal_shift,reliability_fedavg_event,0.048331705109873384,0.048331705109873384,0.05213895415202793,0.014138537236999203,0.55,0.699304,0,1,0,0,0,1.0,8.774387300014496
