scenario,method,seed,global_rmse,healthy_rmse,worst_site_rmse,forecast_bias,participation_rate,comm_mb,rejected_updates,fallback_rounds,quarantined_sites,drift_events,dropped_events,communication_availability,runtime_seconds,rounds,communication_model_transfers,quarantine_weight_recovery_rounds
biased_25pct,fedavg,44.0,0.06391316314803899,0.06354155657331824,0.0665008541584853,-0.0023885900582110197,1.0,7.624640000000001,0.0,0.0,0.0,0.0,0.0,1.0,47.013190619973464,20.0,3.0,
biased_25pct,reliability_fedavg,44.0,0.06408805485995037,0.06371929079249347,0.06658422285868082,-0.00244706011580246,0.875,6.671560000000001,0.0,0.0,1.0,0.0,0.0,1.0,37.86394759996328,20.0,3.0,
biased_25pct,reliability_fedavg_event,44.0,0.06443905876543946,0.06404131622545096,0.06698793000279037,-0.0043445013054926,0.4925,3.7557848,0.0,9.0,1.0,0.0,0.0,1.0,21.748316319985314,20.0,3.0,
dropout_50pct,fedavg,44.0,0.06461930155369988,0.06461930155369988,0.06694375631170149,-0.0022595032955710598,0.4925,3.7551352000000002,0.0,7.2,0.0,0.0,40.6,0.4925,21.23831609999761,20.0,3.0,
dropout_50pct,reliability_fedavg,44.0,0.06434269382033904,0.06434269382033904,0.06641859256767549,-0.0025767114571271,0.4925,3.7551352000000002,0.0,7.2,0.0,0.0,40.6,0.4925,21.60340527999215,20.0,3.0,
dropout_50pct,reliability_fedavg_event,44.0,0.0649602035760381,0.0649602035760381,0.06787851123057984,-0.0047587991903933,0.29500000000000004,2.249864,0.0,13.0,0.0,0.0,19.2,0.5492764857881137,12.201100460020825,20.0,3.0,
fault_and_dropout,fedavg,44.0,0.06473543584718722,0.06433160346780958,0.06728064307310537,-0.00374061376791456,0.7625,5.813788,0.0,13.6,0.0,0.0,19.0,0.7625,30.99092498002574,20.0,3.0,
fault_and_dropout,reliability_fedavg,44.0,0.06469971331146528,0.06434821377071223,0.06730919500297196,-0.00410067823514438,0.6925,5.2800632,0.0,1.4,1.0,0.0,17.2,0.762712818935084,24.409231720003298,20.0,3.0,
fault_and_dropout,reliability_fedavg_event,44.0,0.06530975891377631,0.06491870990613284,0.06790860762157139,-0.00530768162331198,0.35750000000000004,2.7264872,0.0,12.6,1.0,0.0,9.0,0.7602218422670737,13.83731461998541,20.0,3.0,
healthy,fedavg,44.0,0.06407323927760544,0.06407323927760544,0.06665423407920754,-0.0027607387059192397,1.0,7.624640000000001,0.0,0.0,0.0,0.0,0.0,1.0,48.799634720035826,20.0,3.0,
healthy,reliability_fedavg,44.0,0.06398251180012134,0.06398251180012134,0.06635095031499652,-0.0017823471965469797,1.0,7.624640000000001,0.0,0.0,0.0,0.0,0.0,1.0,52.36397454002872,20.0,3.0,
healthy,reliability_fedavg_event,44.0,0.06481069092488684,0.06481069092488684,0.06735139299999345,-0.0034246480274184796,0.5349999999999999,4.0797776,0.0,6.6,0.0,0.0,0.0,1.0,26.439630560041405,20.0,3.0,
seasonal_shift,fedavg,44.0,0.05406123803818104,0.05406123803818104,0.06696071559782883,0.01184998126466766,1.0,7.624640000000001,0.0,0.0,0.0,0.0,0.0,1.0,36.38119786002208,20.0,3.0,
seasonal_shift,reliability_fedavg,44.0,0.05459903807692966,0.05459903807692966,0.0669843984542059,0.00950189574223222,1.0,7.624640000000001,0.0,0.0,0.0,0.0,0.0,1.0,33.09001369997859,20.0,3.0,
seasonal_shift,reliability_fedavg_event,44.0,0.05119842988977056,0.05119842988977056,0.05921093333153066,0.006971300066752539,0.5599999999999999,4.270361599999999,0.0,5.8,0.0,3.6,0.0,1.0,19.18788169999607,20.0,3.0,
sensor_recovery,fedavg,44.0,0.06413448263996627,0.06379743276210183,0.06671802500665798,-0.0030608581101559686,1.0,7.624640000000001,0.0,0.0,0.0,0.0,0.0,1.0,38.8974298999412,20.0,3.0,0.0
sensor_recovery,reliability_fedavg,44.0,0.06448226307441456,0.06413400658733123,0.06687297177586517,-0.00275639585226834,0.93,7.0909152,0.0,0.0,1.0,0.0,0.0,1.0,40.0594458400039,20.0,3.0,2.0
sensor_recovery,reliability_fedavg_event,44.0,0.06445907324183595,0.06400176852992824,0.0668438998090488,-0.0035910397720503003,0.48,3.6604928,0.0,8.6,1.0,0.0,0.0,1.0,22.78402384000365,20.0,3.0,4.0
stale_50pct,fedavg,44.0,0.07035783533716297,0.06892169676308695,0.07295135121842902,0.00781571511599266,1.0,7.624640000000001,0.0,0.0,0.0,0.0,0.0,1.0,49.007589600025675,20.0,3.0,
stale_50pct,reliability_fedavg,44.0,0.06449856097115705,0.06279598280276147,0.06721692972523342,-0.0030908058568660203,1.0,7.624640000000001,0.0,0.0,0.0,0.0,0.0,1.0,50.71587294000201,20.0,3.0,
stale_50pct,reliability_fedavg_event,44.0,0.0648910212508608,0.06315667862873242,0.06769879156206951,-0.00415430211522674,0.5349999999999999,4.0797776,0.0,7.2,0.0,0.0,0.0,1.0,24.760100139980203,20.0,3.0,
under_participation,fedavg,44.0,0.0648442916280293,0.0648442916280293,0.06768979876025322,-0.0019210729068181397,0.39,2.9736096,0.0,7.8,0.0,0.0,8.8,0.78,16.503332059993408,20.0,3.0,
under_participation,reliability_fedavg,44.0,0.06495682226235686,0.06495682226235686,0.06767059437858346,-0.00054917933617202,0.39,2.9736096,0.0,7.8,0.0,0.0,8.8,0.78,16.047283959994093,20.0,3.0,
under_participation,reliability_fedavg_event,44.0,0.06646368658293093,0.06646368658293093,0.06943475568851463,-0.0021583617635838595,0.19,1.4496288,0.0,16.8,0.0,0.0,5.6,0.7296003513394818,8.697826980031095,20.0,3.0,
