scenario,method,healthy_rmse,worst_site_rmse,participation,comm_mb,fallback_rounds
biased_25pct,fedavg,0.06412726930021964,0.06556477445879945,1.0,1.2712,0.0
biased_25pct,reliability_fedavg,0.06407088825220564,0.06554893855350112,1.0,1.2712,0.0
biased_25pct,reliability_fedavg_event,0.06436371181722178,0.06560754514355119,0.55,0.699304,1.0
dropout_50pct,fedavg,0.06492207929449499,0.06616547098542937,0.5,0.6356,1.0
dropout_50pct,reliability_fedavg,0.064875977034275,0.06611327636775005,0.5,0.6356,1.0
dropout_50pct,reliability_fedavg_event,0.06702173524010646,0.06818815496847681,0.25,0.317944,4.0
fault_and_dropout,fedavg,0.06538336610870131,0.06697805391594808,0.75,0.9534,2.0
fault_and_dropout,reliability_fedavg,0.06422503566433592,0.06570167146929547,0.75,0.9534,0.0
fault_and_dropout,reliability_fedavg_event,0.06685216263778257,0.06825197183257124,0.5,0.635728,3.0
healthy,fedavg,0.06434015407172901,0.06558513494263567,1.0,1.2712,0.0
healthy,reliability_fedavg,0.06438383026140511,0.0656088840266306,1.0,1.2712,0.0
healthy,reliability_fedavg_event,0.06450452316634882,0.06567079662236547,0.55,0.699304,1.0
seasonal_shift,fedavg,0.04912994788356596,0.053319230503598075,1.0,1.2712,0.0
seasonal_shift,reliability_fedavg,0.04970666364484956,0.05409551647572398,1.0,1.2712,0.0
seasonal_shift,reliability_fedavg_event,0.048331705109873384,0.05213895415202793,0.55,0.699304,1.0
sensor_recovery,fedavg,0.06442419886185771,0.06588013691974161,1.0,1.2712,0.0
sensor_recovery,reliability_fedavg,0.06423591749212947,0.06570758288266272,0.9,1.14408,0.0
sensor_recovery,reliability_fedavg_event,0.06442766428652683,0.06582623775810639,0.55,0.699304,1.0
stale_50pct,fedavg,0.06918062554416536,0.07134844324644316,1.0,1.2712,0.0
stale_50pct,reliability_fedavg,0.06346203496716231,0.06562564858745526,1.0,1.2712,0.0
stale_50pct,reliability_fedavg_event,0.06554060221024115,0.06764124569483712,0.55,0.699304,1.0
under_participation,fedavg,0.06677169263281355,0.06802245101622544,0.4,0.50848,2.0
under_participation,reliability_fedavg,0.06677387683473883,0.06802505380737417,0.4,0.50848,2.0
under_participation,reliability_fedavg_event,0.06677387683473883,0.06802505380737417,0.2,0.254464,4.0
