forecast,policy,reserve_energy_mwh_mean,reserve_energy_mwh_std,shortfall_energy_mwh_mean,shortfall_energy_mwh_std,reserve_pct_of_forecast_mean,reserve_pct_of_forecast_std,ens_pct_of_demand_mean,ens_pct_of_demand_std,availability_pct_mean,availability_pct_std,total_cost_mean,total_cost_std,cost_reserve_mean,cost_reserve_std,cost_shortfall_mean,cost_shortfall_std
smart_persistence,fixed_20pct,2008.715937784097,359.3529277725391,175.97797529314835,31.77096774859939,20.0,0.0,0.728003085925755,0.012814848505077884,90.75925925925927,0.25969980207361393,5528.275443647063,994.6996259864175,2008.715937784097,359.3529277725391,3519.559505862967,635.4193549719878
smart_persistence,nsigma_d0.02,3081.463841439566,561.2347290312047,105.66996363793564,18.566864204578167,30.663558603766415,0.18770744224688277,0.43754414642893324,0.0105525283863228,95.46913580246914,0.10095942736911795,5194.863114198279,931.9537450753792,3081.463841439566,561.2347290312047,2113.399272758713,371.3372840915633
smart_persistence,nsigma_d0.05,2470.930986058365,450.05418097850486,133.3677481637215,23.774331744430878,24.588142029360817,0.150825817188802,0.5519551915169212,0.011933189738570105,93.90740740740742,0.21889658304317208,5138.285949332794,925.2051017570625,2470.930986058365,450.05418097850486,2667.35496327443,475.48663488861774
smart_persistence,nsigma_d0.1,1928.4760960484982,351.2675338812544,168.73328472781228,30.34254773179496,19.19017619368929,0.11803249696453008,0.6981183809512739,0.013760636791418679,91.60493827160494,0.28705363021200136,5303.141790604744,957.9370371241017,1928.4760960484982,351.2675338812544,3374.6656945562454,606.850954635899
fedavg,fixed_20pct,2003.3706063342954,351.6849928351722,187.9096994446694,29.600518192001736,20.0,3.552713678800501e-15,0.7815471965003536,0.0485503029334049,87.25308641975309,0.7777532819971675,5761.564595227684,934.0419078027622,2003.3706063342954,351.6849928351722,3758.1939888933875,592.0103638400346
fedavg,nsigma_d0.02,2621.144945950689,445.8543595462503,112.10585498783,18.113360946463608,26.194875684204693,0.314569439520007,0.4654329436662197,0.018581129944534282,93.91975308641976,0.41120100600229276,4863.262045707289,806.7690576986687,2621.144945950689,445.8543595462503,2242.1170997566,362.26721892927213
fedavg,nsigma_d0.05,2098.97961897666,351.2314262388575,141.44599101036115,23.287109492410927,20.98794530007027,0.37601772138758405,0.5868928080913507,0.020821943168274036,91.88271604938271,0.6161254561011461,4927.899439183883,815.3836015360893,2098.97961897666,351.2314262388575,2828.919820207223,465.7421898482185
fedavg,nsigma_d0.1,1635.889736857885,268.0037824235285,176.7045189991061,29.927922688181166,16.369845173431717,0.4331025466183605,0.7325460928986628,0.022474462069537245,89.08024691358025,0.6581387573986542,5169.980116840006,864.2188026086704,1635.889736857885,268.0037824235285,3534.090379982122,598.5584537636232
reliability_fedavg,fixed_20pct,1995.004402521925,365.0969647021596,184.69873032447362,37.76810593458052,20.0,1.7763568394002505e-15,0.7604600369702252,0.03479880598288502,87.40740740740742,0.6459398005079175,5688.979009011397,1116.6253472445305,1995.004402521925,365.0969647021596,3693.9746064894716,755.3621186916102
reliability_fedavg,nsigma_d0.02,2577.3852883155714,521.9417776931748,112.12839416380018,21.025505962362878,25.73967814871562,0.7194819110106965,0.46315528794648764,0.011586278172846319,93.68518518518519,0.6721737560326503,4819.9531715915755,941.3045057182088,2577.3852883155714,521.9417776931748,2242.5678832760036,420.51011924725753
reliability_fedavg,nsigma_d0.05,2056.7426636441896,424.45991230213417,141.15131097562337,27.16564095052887,20.52467886456189,0.7116436514849489,0.5825060440553214,0.016278735814710017,91.76543209876543,0.8626529406557144,4879.7688831566575,965.4961031708547,2056.7426636441896,424.45991230213417,2823.026219512468,543.3128190105774
reliability_fedavg,nsigma_d0.1,1595.7563206724612,337.9792594711074,175.92773582769905,34.5732206829287,15.908329184861321,0.7048425649690655,0.7254366156992396,0.021135495074215898,89.14197530864197,1.0132204140150998,5114.311037226442,1026.580994739068,1595.7563206724612,337.9792594711074,3518.5547165539815,691.4644136585739
