seed,policy,delta,intervals,reserve_energy_mwh,reserve_used_mwh,shortfall_energy_mwh,ens_pct_of_demand,mean_reserve_mw,reserve_pct_of_forecast,expected_gap_energy_mwh,uncertainty_margin_energy_mwh,planned_capacity_gap_mwh,grid_import_energy_mwh,backup_power_limit_mw,backup_energy_limit_mwh_per_day,availability_pct,target_availability_pct,cost_reserve,cost_shortfall,total_cost
42,fixed_20pct,,3240,2454.72,208.67262089656538,319.4060715187398,1.3005739686782414,4.5457777777777775,24.10298258441902,80.10441081387995,4911.770944383097,2537.1553551969764,14294.45054072043,12.785,51.14,82.34567901234567,,2454.72,6388.121430374796,8842.841430374796
42,nsigma_d0.02,0.02,3240,1685.7104256898658,220.36081878832408,307.71787362698103,1.25298136705204,3.1216859734997517,16.55205034903224,80.10441081387995,2643.97990456169,1038.3738896857044,14294.45054072043,12.785,51.14,84.10493827160494,98.0,1685.7104256898658,6154.357472539621,7840.067898229487
42,empirical_d0.02,0.02,3240,1795.8834251009632,231.983514723712,296.0951776915931,1.2056554796399686,3.325710046483265,17.633842930703015,80.10441081387995,3833.6433125368894,2117.864298249806,14294.45054072043,12.785,51.14,84.84567901234567,98.0,1795.8834251009632,5921.903553831862,7717.786978932825
42,nsigma_d0.05,0.05,3240,1595.190772275929,245.61495527965712,282.46373713564805,1.1501502832035042,2.954056985696165,15.663234667494724,80.10441081387995,2110.025223056649,594.9388615945998,14294.45054072043,12.785,51.14,84.75308641975309,95.0,1595.190772275929,5649.274742712961,7244.4655149888895
42,empirical_d0.05,0.05,3240,1664.4405359804289,248.98318997430502,279.0955024410001,1.1364353330041277,3.0822972888526463,16.343200548957658,80.10441081387995,2638.443196694494,1054.1070715279452,14294.45054072043,12.785,51.14,85.30864197530865,95.0,1664.4405359804289,5581.910048820002,7246.350584800431
42,nsigma_d0.1,0.1,3240,1428.6005953096203,266.7793023547144,261.2993900605907,1.063972212952651,2.6455566579807783,14.027479822072753,80.10441081387995,1637.5803637559043,289.08417926016403,14294.45054072043,12.785,51.14,85.15432098765432,90.0,1428.6005953096203,5225.987801211814,6654.588396521434
42,empirical_d0.1,0.1,3240,1392.3398782450943,279.57169555387725,248.5069968614279,1.0118834924320343,2.57840718193536,13.671434557478493,80.10441081387995,1557.146768840715,244.91130140950068,14294.45054072043,12.785,51.14,86.26543209876543,90.0,1392.3398782450943,4970.139937228558,6362.479815473652
43,fixed_20pct,,3240,2810.4,240.4962425399987,351.6058037389201,1.2508652220067515,5.204444444444445,24.680745286134016,91.55633992855539,5621.801574670726,2902.957914599281,16630.437213485056,14.6375,58.55,80.83333333333333,,2810.4,7032.1160747784015,9842.516074778401
43,nsigma_d0.02,0.02,3240,1942.2676543965856,254.25556933257658,337.8464769463422,1.2019153378465879,3.59679195258627,17.056864950063726,91.55633992855539,2950.589700202538,1099.878385734508,16630.437213485056,14.6375,58.55,84.44444444444444,98.0,1942.2676543965856,6756.929538926844,8699.197193323429
43,empirical_d0.02,0.02,3240,2061.5761113453136,277.65647410015345,314.44557217876536,1.118664783885343,3.8177335395283585,18.104623858558334,91.55633992855539,4261.983865516648,2291.9640940998897,16630.437213485056,14.6375,58.55,84.2283950617284,98.0,2061.5761113453136,6288.911443575307,8350.48755492062
43,nsigma_d0.05,0.05,3240,1818.7334550475298,278.7204614877121,313.3815847912067,1.1148795653093173,3.3680249167546847,15.971995853756955,91.55633992855539,2356.6115996375706,629.4344845185964,16630.437213485056,14.6375,58.55,85.37037037037038,95.0,1818.7334550475298,6267.631695824134,8086.365150871664
43,empirical_d0.05,0.05,3240,1904.3571286738772,298.06978863182235,294.03225764709646,1.0460428164945264,3.526587275321995,16.723937242610837,91.55633992855539,2876.685724859954,1063.8849361146324,16630.437213485056,14.6375,58.55,84.84567901234567,95.0,1904.3571286738772,5880.645152941929,7785.002281615806
43,nsigma_d0.1,0.1,3240,1636.3644412457518,311.93538233131846,280.16666394760034,0.9967148794788618,3.0303045208254664,14.370443342468477,91.55633992855539,1829.8516748218601,285.0435735046634,16630.437213485056,14.6375,58.55,85.83333333333333,90.0,1636.3644412457518,5603.333278952006,7239.697720197758
43,empirical_d0.1,0.1,3240,1565.5715154404297,324.6483805591503,267.4536657197685,0.9514873912476483,2.89920651007487,13.748744591450352,91.55633992855539,1729.0387471027445,255.0235715908705,16630.437213485056,14.6375,58.55,85.61728395061728,90.0,1565.5715154404297,5349.073314395369,6914.644829835799
44,fixed_20pct,,3240,1635.36,136.53300874778657,205.9245444987554,1.258618249855467,3.0284444444444443,23.597979245738532,54.21051623370158,3272.231981737158,1691.08249797086,9376.864477256126,8.5175,34.07,82.77777777777777,,1635.36,4118.490889975108,5753.850889975108
44,nsigma_d0.02,0.02,3240,1104.0610066701863,141.9031583964255,200.55439485011652,1.225795701340505,2.0445574197596046,15.931421045783344,54.21051623370158,1737.5924050995113,687.7419146630265,9376.864477256126,8.5175,34.07,85.70987654320987,98.0,1104.0610066701863,4011.0878970023305,5115.148903672517
44,empirical_d0.02,0.02,3240,1184.9041991326606,147.9580748439104,194.49947840263158,1.1887878334309046,2.194267035430853,17.09797518547657,54.21051623370158,2577.6375184098674,1446.9438355109087,9376.864477256126,8.5175,34.07,85.24691358024693,98.0,1184.9041991326606,3889.9895680526315,5074.893767185292
44,nsigma_d0.05,0.05,3240,1037.938787312088,154.06488132184677,188.39267192469526,1.1514628117819545,1.9221088653927556,14.9772881575541,54.21051623370158,1388.3289280818663,404.6006570034798,9376.864477256126,8.5175,34.07,86.32716049382717,95.0,1037.938787312088,3767.8534384939053,4805.792225805993
44,empirical_d0.05,0.05,3240,1084.5814975130727,159.04554783782925,183.41200540871273,1.121020798234135,2.0084842546538386,15.650334891782547,54.21051623370158,1724.4375831281563,694.0666018487855,9376.864477256126,8.5175,34.07,85.77160493827161,95.0,1084.5814975130727,3668.2401081742546,4752.821605687327
44,nsigma_d0.1,0.1,3240,933.8878390716438,168.39646247636648,174.0610907701755,1.06386767039524,1.729421924206748,13.47584987052408,54.21051623370158,1078.748627969907,199.07130513196472,9376.864477256126,8.5175,34.07,86.6358024691358,90.0,933.8878390716438,3481.22181540351,4415.109654475154
44,empirical_d0.1,0.1,3240,909.196441511953,174.08742734894545,168.37012589759652,1.0290842876501218,1.6836971139110242,13.119557013194889,54.21051623370158,1020.4420941294231,165.45616885117175,9376.864477256126,8.5175,34.07,86.08024691358025,90.0,909.196441511953,3367.4025179519303,4276.598959463883
45,fixed_20pct,,3240,2679.8399999999992,241.41356424041047,330.4468077868479,1.2318349774488992,4.9626666666666654,24.126155506195108,88.20722821828434,5365.11487068171,2773.482098899995,15629.754064701327,13.9575,55.83,82.1604938271605,,2679.8399999999992,6608.9361557369575,9288.776155736956
45,nsigma_d0.02,0.02,3240,1863.0827670519448,234.48609166910651,337.37428035815185,1.2576591125821839,3.450153272318416,16.77302546376183,88.20722821828434,2889.8423807560084,1114.966841922348,15629.754064701327,13.9575,55.83,82.80864197530863,98.0,1863.0827670519448,6747.485607163037,8610.568374214981
45,empirical_d0.02,0.02,3240,2038.6697076756284,252.26994988857115,319.59042213868725,1.1913646952281525,3.775314273473386,18.353805597778802,88.20722821828434,4214.678192295637,2264.2157128382937,15629.754064701327,13.9575,55.83,84.44444444444444,98.0,2038.6697076756284,6391.808442773745,8430.478150449373
45,nsigma_d0.05,0.05,3240,1749.337240611877,261.39856230379377,310.46180972346457,1.1573351818430542,3.239513408540513,15.748993335341066,88.20722821828434,2301.2749249102258,640.1449125166332,15629.754064701327,13.9575,55.83,83.82716049382715,95.0,1749.337240611877,6209.236194469291,7958.573435081168
45,empirical_d0.05,0.05,3240,1848.1986525776542,293.05460071218687,278.80577131507147,1.0393282456584025,3.422590097366027,16.639026247249376,88.20722821828434,2780.899549194476,1020.9081248351064,15629.754064701327,13.9575,55.83,86.14197530864197,95.0,1848.1986525776542,5576.11542630143,7424.314078879084
45,nsigma_d0.1,0.1,3240,1576.8303143017692,290.67399104862545,281.1863809786329,1.0482026489878467,2.920056137595869,14.195942059871859,88.20722821828434,1779.8778347672,291.2547486837153,15629.754064701327,13.9575,55.83,84.47530864197532,90.0,1576.8303143017692,5623.727619572657,7200.557933874426
45,empirical_d0.1,0.1,3240,1523.0754667510482,305.69563098757936,266.16474103967903,0.992205190215654,2.8205101236130523,13.71199607383519,88.20722821828434,1677.719739587844,242.85150105508,15629.754064701327,13.9575,55.83,85.49382716049382,90.0,1523.0754667510482,5323.294820793581,6846.370287544629
46,fixed_20pct,,3240,2522.88,221.67845618585972,342.6616772659807,1.3573188989917926,4.672000000000001,24.288131861286114,80.55840253914386,5049.096089658923,2606.774492198067,14777.626660467622,13.14,52.56,71.29629629629629,,2522.88,6853.233545319614,9376.113545319615
46,nsigma_d0.02,0.02,3240,1775.727931609593,243.86434907659057,320.4757843752499,1.2694382467056542,3.2883850585362837,17.095190477827973,80.55840253914386,2736.8232218430626,1041.6536927726136,14777.626660467622,13.14,52.56,83.61111111111111,98.0,1775.727931609593,6409.515687504998,8185.243619114591
46,empirical_d0.02,0.02,3240,1885.4850687806015,255.8538757332201,308.4862577186204,1.2219464721633344,3.4916390162603737,18.151838364499845,80.55840253914386,3952.7768737125634,2147.850207471106,14777.626660467622,13.14,52.56,83.27160493827161,98.0,1885.4850687806015,6169.725154372408,8055.21022315301
46,nsigma_d0.05,0.05,3240,1676.4212578196223,268.5494660587191,295.7906673931214,1.1716579052592468,3.1044838107770785,16.139150718617653,80.55840253914386,2204.7583056039953,608.8954503235173,14777.626660467622,13.14,52.56,85.55555555555556,95.0,1676.4212578196223,5915.813347862428,7592.23460568205
46,empirical_d0.05,0.05,3240,1732.09075019733,284.52424935906674,279.8158840927737,1.1083801105146955,3.207575463328389,16.675089000074017,80.55840253914386,2686.137271349801,1034.6049236916144,14777.626660467622,13.14,52.56,84.01234567901234,95.0,1732.09075019733,5596.317681855473,7328.408432052803
46,nsigma_d0.1,0.1,3240,1520.108198748004,300.02984835411024,264.3102850977302,1.0469608040895293,2.8150151828666745,14.634302215964945,80.55840253914386,1732.6919638799536,293.1421676710935,14777.626660467622,13.14,52.56,86.04938271604938,90.0,1520.108198748004,5286.205701954604,6806.3139007026075
46,empirical_d0.1,0.1,3240,1465.585424045068,308.698189456105,255.64194399573546,1.0126245944073708,2.714047081564941,14.109403551966615,80.55840253914386,1620.4136884972104,235.38666699128595,14777.626660467622,13.14,52.56,85.18518518518519,90.0,1465.585424045068,5112.838879914709,6578.424303959777
