scenario,sites,seed,rounds,method,healthy_rmse,global_rmse,worst_site_rmse,communication_mb,feeder_communication_mb,fallback_rounds,data_mode
healthy,100,42,5,fedavg,0.06792316715935424,0.06792316715935424,0.06905978307427273,9.5308,9.5308,0,shared_reference_site_protocol_stress
healthy,100,42,5,reliability_fedavg,0.06792491112797934,0.06792491112797934,0.0690636502016347,9.5308,9.5308,0,shared_reference_site_protocol_stress
healthy,100,42,5,reliability_fedavg_event,0.06846580353875427,0.06846580353875427,0.06943667973503274,5.630228,5.630228,0,shared_reference_site_protocol_stress
healthy,100,42,5,hierarchical_reliability_fedavg,0.06792487058381536,0.06792487058381536,0.06906360465247803,11.43696,1.90616,0,shared_reference_site_protocol_stress
dropout25,100,42,5,fedavg,0.06766366937876057,0.06766366937876057,0.06877925600556556,7.243408,7.243408,0,shared_reference_site_protocol_stress
dropout25,100,42,5,reliability_fedavg,0.06766021081338075,0.06766021081338075,0.06876907107802016,7.243408,7.243408,0,shared_reference_site_protocol_stress
dropout25,100,42,5,reliability_fedavg_event,0.06875785322791433,0.06875785322791433,0.06963993245641205,4.1053,4.1053,0,shared_reference_site_protocol_stress
dropout25,100,42,5,hierarchical_reliability_fedavg,0.06765941173292037,0.06765941173292037,0.06876810969199068,9.05426,1.810852,0,shared_reference_site_protocol_stress
dropout50,100,42,5,fedavg,0.06758732908689526,0.06758732908689526,0.06868168002823659,5.24194,5.24194,0,shared_reference_site_protocol_stress
dropout50,100,42,5,reliability_fedavg,0.06759406409559396,0.06759406409559396,0.06868499946796336,5.24194,5.24194,0,shared_reference_site_protocol_stress
dropout50,100,42,5,reliability_fedavg_event,0.06886064808060603,0.06886064808060603,0.06972220908905112,2.866296,2.866296,0,shared_reference_site_protocol_stress
dropout50,100,42,5,hierarchical_reliability_fedavg,0.06757843660305513,0.06757843660305513,0.06866987650302511,7.052792,1.810852,0,shared_reference_site_protocol_stress
fault10,100,42,5,fedavg,0.06715035337436542,0.0671293855311637,0.06815186016248542,9.5308,9.5308,0,shared_reference_site_protocol_stress
fault10,100,42,5,reliability_fedavg,0.06805282104836945,0.0680288328832167,0.06915474233375987,9.5308,9.5308,0,shared_reference_site_protocol_stress
fault10,100,42,5,reliability_fedavg_event,0.06852857705166304,0.06850942826607086,0.06947152111372844,5.630228,5.630228,0,shared_reference_site_protocol_stress
fault10,100,42,5,hierarchical_reliability_fedavg,0.06798414038231404,0.06796017580095261,0.06909183535652098,11.43696,1.90616,0,shared_reference_site_protocol_stress
fault20,100,42,5,fedavg,0.06847628033799776,0.06847628033799776,0.06945777328228162,9.5308,9.5308,0,shared_reference_site_protocol_stress
fault20,100,42,5,reliability_fedavg,0.06797296873438677,0.06797296873438677,0.06908668529225075,9.5308,9.5308,0,shared_reference_site_protocol_stress
fault20,100,42,5,reliability_fedavg_event,0.06846969988039471,0.0684696998803947,0.06941235889305342,5.630228,5.630228,0,shared_reference_site_protocol_stress
fault20,100,42,5,hierarchical_reliability_fedavg,0.06840746885211603,0.06840746885211603,0.069304058421814,11.43696,1.90616,0,shared_reference_site_protocol_stress
fault20_dropout25,100,42,5,fedavg,0.0684386998622546,0.0684386998622546,0.06945591166337511,7.243408,7.243408,0,shared_reference_site_protocol_stress
fault20_dropout25,100,42,5,reliability_fedavg,0.06751165837263227,0.06751165837263226,0.06855594649349307,7.243408,7.243408,0,shared_reference_site_protocol_stress
fault20_dropout25,100,42,5,reliability_fedavg_event,0.06868956129033482,0.06868956129033482,0.06955789902591084,4.1053,4.1053,0,shared_reference_site_protocol_stress
fault20_dropout25,100,42,5,hierarchical_reliability_fedavg,0.06820963844048838,0.06820963844048838,0.06911766553930251,9.05426,1.810852,0,shared_reference_site_protocol_stress
neighbourhood_offline,100,42,5,fedavg,0.06792612847611747,0.06792612847611747,0.07064579804279401,9.5308,9.5308,0,shared_reference_site_protocol_stress
neighbourhood_offline,100,42,5,reliability_fedavg,0.06792678690286783,0.06792678690286783,0.07064579804279401,9.5308,9.5308,0,shared_reference_site_protocol_stress
neighbourhood_offline,100,42,5,reliability_fedavg_event,0.06862385500107686,0.06862385500107686,0.07064579804279401,5.628228,5.628228,0,shared_reference_site_protocol_stress
neighbourhood_offline,100,42,5,hierarchical_reliability_fedavg,0.06792670848505203,0.06792670848505203,0.07064579804279401,10.96042,1.42962,0,shared_reference_site_protocol_stress
