severity,method,healthy_rmse_mean,healthy_rmse_std
0.0,fedavg,0.06427273531646205,0.0011951208502611773
0.0,reliability_fedavg,0.0640630979982769,0.0011202074571710853
0.5,fedavg,0.06457274675307474,0.0016531615549617677
0.5,reliability_fedavg,0.06391649245289431,0.0008811997634489388
1.0,fedavg,0.0662050033850105,0.002862461956556376
1.0,reliability_fedavg,0.06405462998154604,0.0009942655546513013
2.0,fedavg,0.06698287852316985,0.003929972898117996
2.0,reliability_fedavg,0.06420245461271377,0.0007761503822841563
4.0,fedavg,0.06610789008593544,0.0038528526419994314
4.0,reliability_fedavg,0.06413115675281578,0.001135536333541795
