seed,method,feature,importance
42,decision_tree,pv_lag0,0.039565911408831374
42,decision_tree,pv_lag1,0.0
42,decision_tree,pv_lag2,0.0038011638335163304
42,decision_tree,pv_lag3,0.031846961830708585
42,decision_tree,pv_lag4,0.0
42,decision_tree,pv_lag5,0.002120214114069707
42,decision_tree,GHI_lag0,0.005481205628623902
42,decision_tree,GHI_lag1,0.014972192814448818
42,decision_tree,GHI_lag2,4.300143434336389e-05
42,decision_tree,GHI_lag3,0.009202482646401298
42,decision_tree,GHI_lag4,0.005078000341120946
42,decision_tree,GHI_lag5,0.0
42,decision_tree,DNI_lag0,0.0781151401271565
42,decision_tree,DNI_lag1,0.0036251661322818135
42,decision_tree,DNI_lag2,0.008940319467845393
42,decision_tree,DNI_lag3,0.0001457545502227269
42,decision_tree,DNI_lag4,0.007901753490876639
42,decision_tree,DNI_lag5,0.001173050542910144
42,decision_tree,DHI_lag0,0.004233633017360836
42,decision_tree,DHI_lag1,1.7313395844759708e-06
42,decision_tree,DHI_lag2,0.025629092217979422
42,decision_tree,DHI_lag3,0.000426326769620623
42,decision_tree,DHI_lag4,0.004187373462010772
42,decision_tree,DHI_lag5,0.0
42,decision_tree,kt_lag0,0.17355178370828492
42,decision_tree,kt_lag1,0.007510612213323156
42,decision_tree,kt_lag2,0.0
42,decision_tree,kt_lag3,0.005523696890169795
42,decision_tree,kt_lag4,0.0
42,decision_tree,kt_lag5,0.0005613708050931947
42,decision_tree,Temperature_lag0,0.003188514318382236
42,decision_tree,Temperature_lag1,0.0061558062033708364
42,decision_tree,Temperature_lag2,0.0
42,decision_tree,Temperature_lag3,0.0054505078872913336
42,decision_tree,Temperature_lag4,0.005738509001306172
42,decision_tree,Temperature_lag5,0.024165633811359253
42,decision_tree,Relative Humidity,0.024824437123763067
42,decision_tree,Pressure,0.02712819429775096
42,decision_tree,Precipitable Water,0.11267125718787338
42,decision_tree,Aerosol Optical Depth,0.02774854920963985
42,decision_tree,Dew Point,0.0015726787005871262
42,decision_tree,cloud_0,3.430881350977628e-05
42,decision_tree,cloud_1,0.006323698890708137
42,decision_tree,cloud_2,0.0
42,decision_tree,cloud_3,0.03010595618049825
42,decision_tree,cloud_4,0.0
42,decision_tree,cloud_5,0.0
42,decision_tree,cloud_6,0.008269521560572863
42,decision_tree,cloud_7,0.0
42,decision_tree,cloud_8,0.009772932166301537
42,decision_tree,cloud_9,0.0
42,decision_tree,Clearsky GHI_t+h,0.16588043603085656
42,decision_tree,cos_zenith_t+h,0.018347962278579037
42,decision_tree,hour_sin_t+h,0.047814249485855255
42,decision_tree,hour_cos_t+h,0.0
42,decision_tree,doy_sin_t+h,0.009994639009711854
42,decision_tree,doy_cos_t+h,0.031174269055297806
42,local_xgboost,pv_lag0,0.02007782645523548
42,local_xgboost,pv_lag1,0.013601841405034065
42,local_xgboost,pv_lag2,0.01685353321954608
42,local_xgboost,pv_lag3,0.01382570737041533
42,local_xgboost,pv_lag4,0.015070880064740777
42,local_xgboost,pv_lag5,0.015365628292784095
42,local_xgboost,GHI_lag0,0.018768558045849204
42,local_xgboost,GHI_lag1,0.017051915172487497
42,local_xgboost,GHI_lag2,0.022317842580378056
42,local_xgboost,GHI_lag3,0.017680378863587976
42,local_xgboost,GHI_lag4,0.015541665721684694
42,local_xgboost,GHI_lag5,0.0165498701389879
42,local_xgboost,DNI_lag0,0.03244780516251922
42,local_xgboost,DNI_lag1,0.01599764102138579
42,local_xgboost,DNI_lag2,0.017914938740432262
42,local_xgboost,DNI_lag3,0.014455076772719622
42,local_xgboost,DNI_lag4,0.021250807214528322
42,local_xgboost,DNI_lag5,0.018613379448652267
42,local_xgboost,DHI_lag0,0.014349570032209158
42,local_xgboost,DHI_lag1,0.013222309993579984
42,local_xgboost,DHI_lag2,0.015395896742120385
42,local_xgboost,DHI_lag3,0.012009632540866733
42,local_xgboost,DHI_lag4,0.012074357364326715
42,local_xgboost,DHI_lag5,0.013125152792781591
42,local_xgboost,kt_lag0,0.03635928127914667
42,local_xgboost,kt_lag1,0.01654489547945559
42,local_xgboost,kt_lag2,0.016268798615783453
42,local_xgboost,kt_lag3,0.014431690331548452
42,local_xgboost,kt_lag4,0.01654604752548039
42,local_xgboost,kt_lag5,0.015975930728018284
42,local_xgboost,Temperature_lag0,0.02149947313591838
42,local_xgboost,Temperature_lag1,0.016774056013673544
42,local_xgboost,Temperature_lag2,0.01861998625099659
42,local_xgboost,Temperature_lag3,0.018234720453619957
42,local_xgboost,Temperature_lag4,0.01848518312908709
42,local_xgboost,Temperature_lag5,0.017574087716639042
42,local_xgboost,Relative Humidity,0.01821230538189411
42,local_xgboost,Pressure,0.017781960777938366
42,local_xgboost,Precipitable Water,0.03413621662184596
42,local_xgboost,Aerosol Optical Depth,0.01646825298666954
42,local_xgboost,Dew Point,0.01884579285979271
42,local_xgboost,cloud_0,0.0028273442876525223
42,local_xgboost,cloud_1,0.018932445906102657
42,local_xgboost,cloud_2,0.002182533498853445
42,local_xgboost,cloud_3,0.024913387838751078
42,local_xgboost,cloud_4,0.022117861546576023
42,local_xgboost,cloud_5,0.0
42,local_xgboost,cloud_6,0.018221902893856168
42,local_xgboost,cloud_7,0.008286754367873073
42,local_xgboost,cloud_8,0.01396887213923037
42,local_xgboost,cloud_9,0.013907999498769641
42,local_xgboost,Clearsky GHI_t+h,0.02983645675703883
42,local_xgboost,cos_zenith_t+h,0.022830886766314507
42,local_xgboost,hour_sin_t+h,0.01428207429125905
42,local_xgboost,hour_cos_t+h,0.030095282942056656
42,local_xgboost,doy_sin_t+h,0.02146131917834282
42,local_xgboost,doy_cos_t+h,0.019814011175185442
42,centralized_xgboost,pv_lag0,0.019582785665988922
42,centralized_xgboost,pv_lag1,0.012914631515741348
42,centralized_xgboost,pv_lag2,0.010798446834087372
42,centralized_xgboost,pv_lag3,0.014422541484236717
42,centralized_xgboost,pv_lag4,0.013398883864283562
42,centralized_xgboost,pv_lag5,0.011241436935961246
42,centralized_xgboost,GHI_lag0,0.015390276908874512
42,centralized_xgboost,GHI_lag1,0.014103317633271217
42,centralized_xgboost,GHI_lag2,0.02382812090218067
42,centralized_xgboost,GHI_lag3,0.014686843380331993
42,centralized_xgboost,GHI_lag4,0.01584349013864994
42,centralized_xgboost,GHI_lag5,0.015102080069482327
42,centralized_xgboost,DNI_lag0,0.036282625049352646
42,centralized_xgboost,DNI_lag1,0.014637014828622341
42,centralized_xgboost,DNI_lag2,0.01862335577607155
42,centralized_xgboost,DNI_lag3,0.013443251140415668
42,centralized_xgboost,DNI_lag4,0.022797055542469025
42,centralized_xgboost,DNI_lag5,0.01660759560763836
42,centralized_xgboost,DHI_lag0,0.015118192881345749
42,centralized_xgboost,DHI_lag1,0.013241815380752087
42,centralized_xgboost,DHI_lag2,0.014433631673455238
42,centralized_xgboost,DHI_lag3,0.01063487771898508
42,centralized_xgboost,DHI_lag4,0.012648755684494972
42,centralized_xgboost,DHI_lag5,0.012026182375848293
42,centralized_xgboost,kt_lag0,0.044568803161382675
42,centralized_xgboost,kt_lag1,0.016726447269320488
42,centralized_xgboost,kt_lag2,0.021792078390717506
42,centralized_xgboost,kt_lag3,0.014557030983269215
42,centralized_xgboost,kt_lag4,0.02187471278011799
42,centralized_xgboost,kt_lag5,0.013582582585513592
42,centralized_xgboost,Temperature_lag0,0.02684057131409645
42,centralized_xgboost,Temperature_lag1,0.016253359615802765
42,centralized_xgboost,Temperature_lag2,0.018449749797582626
42,centralized_xgboost,Temperature_lag3,0.013929861597716808
42,centralized_xgboost,Temperature_lag4,0.014336834661662579
42,centralized_xgboost,Temperature_lag5,0.0176899004727602
42,centralized_xgboost,Relative Humidity,0.01649906486272812
42,centralized_xgboost,Pressure,0.018980950117111206
42,centralized_xgboost,Precipitable Water,0.03816615417599678
42,centralized_xgboost,Aerosol Optical Depth,0.01765529252588749
42,centralized_xgboost,Dew Point,0.014574161730706692
42,centralized_xgboost,cloud_0,0.002569009782746434
42,centralized_xgboost,cloud_1,0.018003001809120178
42,centralized_xgboost,cloud_2,0.004193794447928667
42,centralized_xgboost,cloud_3,0.03102131001651287
42,centralized_xgboost,cloud_4,0.01961957849562168
42,centralized_xgboost,cloud_5,0.0
42,centralized_xgboost,cloud_6,0.01781190186738968
42,centralized_xgboost,cloud_7,0.008637920022010803
42,centralized_xgboost,cloud_8,0.01583339460194111
42,centralized_xgboost,cloud_9,0.013022503815591335
42,centralized_xgboost,Clearsky GHI_t+h,0.03298288211226463
42,centralized_xgboost,cos_zenith_t+h,0.021927203983068466
42,centralized_xgboost,hour_sin_t+h,0.01642497256398201
42,centralized_xgboost,hour_cos_t+h,0.025393005460500717
42,centralized_xgboost,doy_sin_t+h,0.02226073667407036
42,centralized_xgboost,doy_cos_t+h,0.022013971582055092
