method,global_mae,global_rmse,global_bias,worst_site_rmse,worst_site,mean_site_mae,healthy_rmse,healthy_mae,faulty_sites,seed,clients,training_seconds,inference_seconds,model_mb,data_arrangement
persistence,0.06803537258946293,0.0917940148233394,-0.0019631071354889386,0.09403260333263007,C,0.06803537258946293,0.0917940148233394,0.06803537258946293,,42,4,0.0,0.0,0.0,no training
smart_persistence,0.0364039362809096,0.07427343831884958,3.395081114896118e-05,0.07581304503293548,C,0.0364039362809096,0.07427343831884958,0.0364039362809096,,42,4,0.0,0.0,0.0,no training
decision_tree,0.03863021044287788,0.07207462634862039,0.0007971363334033334,0.07265858675756028,C,0.03863021044287788,0.07207462634862039,0.03863021044287788,,42,4,6.858653899980709,0.06220359995495528,0.023377,centralized pooled raw rows
local_xgboost,0.03655284575605116,0.06624456589044125,-0.0008971272676408711,0.06723467475520642,C,0.03655284575605116,0.06624456589044125,0.03655284575605116,,42,4,30.500368700013496,0.2432847002055496,2.663423,local only; no raw-data transfer
centralized_xgboost,0.03610295767519538,0.06560997151880303,-0.0006092836211966058,0.06633690785759613,C,0.03610295767519538,0.06560997151880303,0.03610295767519538,,42,4,20.12326490005944,0.2210321999154985,0.911672,centralized pooled raw rows
persistence,0.06592236136805213,0.08891041462537387,-0.0019336910257230938,0.09389073127657087,C,0.06592236136805213,0.08891041462537387,0.06592236136805213,,43,4,0.0,0.0,0.0,no training
smart_persistence,0.036850771773314604,0.07219256617615602,1.2440721285303072e-05,0.07635656300649854,C,0.036850771773314604,0.07219256617615602,0.036850771773314604,,43,4,0.0,0.0,0.0,no training
decision_tree,0.03784754070825835,0.067743324833154,-0.0020295625126229063,0.07049532828118495,C,0.03784754070825835,0.067743324833154,0.03784754070825835,,43,4,4.512365599977784,0.019457800313830376,0.020497,centralized pooled raw rows
local_xgboost,0.03684661068242394,0.0663655946604878,-0.001633520514175792,0.07079486168270194,C,0.03684661068242394,0.0663655946604878,0.03684661068242394,,43,4,17.67443750007078,0.24456839996855706,1.482911,local only; no raw-data transfer
centralized_xgboost,0.036616006358054835,0.0641119484811332,-0.0026187664877891812,0.06714283048855686,C,0.036616006358054835,0.0641119484811332,0.036616006358054835,,43,4,14.806446800008416,0.17303830001037568,0.613744,centralized pooled raw rows
persistence,0.06842332126446471,0.0923989601194966,-0.0020176034946789963,0.09640337632869674,C,0.06842332126446471,0.0923989601194966,0.06842332126446471,,44,4,0.0,0.0,0.0,no training
smart_persistence,0.035639356956326196,0.07461773945492406,3.7714738869841245e-06,0.07803392006418201,C,0.035639356956326196,0.07461773945492406,0.035639356956326196,,44,4,0.0,0.0,0.0,no training
decision_tree,0.03672992067305653,0.07063453987156541,-0.0019271245304258785,0.07777368389358578,C,0.036729920673056526,0.07063453987156541,0.03672992067305653,,44,4,5.3524250000482425,0.015591599978506565,0.024817,centralized pooled raw rows
local_xgboost,0.035752010818375736,0.06817503111047196,-0.000937664473681926,0.07322498686359281,C,0.035752010818375736,0.06817503111047196,0.035752010818375736,,44,4,20.567020699963905,0.5309268002165481,1.808192,local only; no raw-data transfer
centralized_xgboost,0.03502491221936845,0.06591837815476242,-0.0012554265634199275,0.0694036677948469,C,0.03502491221936845,0.06591837815476242,0.03502491221936845,,44,4,9.28999499999918,0.36757089977618307,0.599389,centralized pooled raw rows
persistence,0.06777595756165042,0.09132333210846989,-0.001986619933552026,0.09407081523009306,D,0.06777595756165042,0.09132333210846989,0.06777595756165042,,45,4,0.0,0.0,0.0,no training
smart_persistence,0.03663084624786841,0.07390564011368858,2.240066232169974e-05,0.07607737898272482,D,0.03663084624786841,0.07390564011368858,0.03663084624786841,,45,4,0.0,0.0,0.0,no training
decision_tree,0.041092358173838515,0.07241515694494448,-0.004795121419771965,0.07554321206860955,C,0.041092358173838515,0.07241515694494448,0.041092358173838515,,45,4,3.9026034000562504,0.026880899909883738,0.022225,centralized pooled raw rows
local_xgboost,0.03649907748100237,0.06725280188141311,-0.0007700191729276817,0.06852712573109597,D,0.03649907748100237,0.06725280188141311,0.03649907748100237,,45,4,18.91284189990256,0.13795489980839193,1.753113,local only; no raw-data transfer
centralized_xgboost,0.03670661385927411,0.06660562716084407,-0.00247083192201517,0.06841246127378144,A,0.03670661385927411,0.06660562716084407,0.03670661385927411,,45,4,7.10705470002722,0.1750459996983409,0.463081,centralized pooled raw rows
persistence,0.06645068542970904,0.0896033283066892,-0.0019513210100215329,0.09203696036414,C,0.06645068542970904,0.0896033283066892,0.06645068542970904,,46,4,0.0,0.0,0.0,no training
smart_persistence,0.03526056698112376,0.07241303938581237,-2.336434120305641e-05,0.0744613167583206,C,0.03526056698112376,0.07241303938581237,0.03526056698112376,,46,4,0.0,0.0,0.0,no training
decision_tree,0.03532165402773613,0.06666637088345934,-0.00011319966196295377,0.06822588233447445,C,0.03532165402773613,0.06666637088345934,0.03532165402773613,,46,4,5.994776099920273,0.022845800034701824,0.021361,centralized pooled raw rows
local_xgboost,0.035435505421461455,0.06450678154947798,-0.0010905042753617557,0.0668707684859974,C,0.035435505421461455,0.06450678154947798,0.035435505421461455,,46,4,29.60986409999896,0.3477642999496311,2.729912,local only; no raw-data transfer
centralized_xgboost,0.034830310375718626,0.06400213119936045,-0.0005343060004653676,0.06590380662958419,C,0.034830310375718626,0.06400213119936045,0.034830310375718626,,46,4,20.866214900044724,0.18591210001613945,0.676155,centralized pooled raw rows
