band,asset_scenario,paying_homes,known_upfront_incremental_inr,known_monthly_incremental_cash_inr,setup_recovery_monthly_inr,contingency_monthly_inr,covered_service_monthly_inr,covered_cost_recovery_per_home_inr,full_incremental_contribution_inr,total_operating_monthly_inr,incremental_complete,total_complete
low,existing_assets,50,7970.0,6138.82,221.38888888888889,636.0208888888889,6996.229777777778,139.92459555555556,,,False,False
low,existing_assets,100,7970.0,6138.82,221.38888888888889,636.0208888888889,6996.229777777778,69.96229777777778,,,False,False
base,existing_assets,50,21650.0,12675.52,601.3888888888889,1991.5363333333332,15268.445222222223,305.36890444444447,,,False,False
base,existing_assets,100,21650.0,12675.52,601.3888888888889,1991.5363333333332,15268.445222222223,152.68445222222223,,,False,False
high,existing_assets,50,55120.0,32530.82,1531.111111111111,6812.386222222222,40874.31733333333,817.4863466666667,,,False,False
high,existing_assets,100,55120.0,32530.82,1531.111111111111,6812.386222222222,40874.31733333333,408.74317333333335,,,False,False
low,new_equipment,50,7970.0,6138.82,221.38888888888889,636.0208888888889,6996.229777777778,139.92459555555556,,,False,False
low,new_equipment,100,7970.0,6138.82,221.38888888888889,636.0208888888889,6996.229777777778,69.96229777777778,,,False,False
base,new_equipment,50,21650.0,12675.52,601.3888888888889,1991.5363333333332,15268.445222222223,305.36890444444447,,,False,False
base,new_equipment,100,21650.0,12675.52,601.3888888888889,1991.5363333333332,15268.445222222223,152.68445222222223,,,False,False
high,new_equipment,50,55120.0,32530.82,1531.111111111111,6812.386222222222,40874.31733333333,817.4863466666667,,,False,False
high,new_equipment,100,55120.0,32530.82,1531.111111111111,6812.386222222222,40874.31733333333,408.74317333333335,,,False,False
