seed,scenario,method,policy,healthy_rmse,global_rmse,comm_mb,rejected_updates,rolled_back_rounds,intervals,availability_pct,ens_mwh,backup_mwh,planned_uncovered_mwh,cost_score
42,stale_20_sites,fedavg,nominal_05,0.0541271827765864,0.05422083947018475,6.00864,0,0,559,99.82110912343471,0.07556959852537683,17.81199822015553,0.37284076504533775,19.323390190663066
42,stale_20_sites,reliability_fedavg,nominal_05,0.05499518060007763,0.0551543524418128,6.00864,0,0,559,99.28443649373881,0.12842223346623793,20.732454178523255,0.6238554538506795,23.300898847848014
42,stale_20_sites,reliability_fedavg_event,nominal_05,0.05440723926257717,0.0545573912540996,3.72216,0,0,559,99.46332737030411,0.08780546221837654,19.737600046208982,0.5587557213685391,21.49370929057651
42,dropout_50pct,fedavg,nominal_05,0.054376947458484294,0.054376947458484294,2.728924,0,0,559,99.28443649373881,0.1106114862557058,20.311380723491272,0.5799491564057798,22.52361044860539
42,dropout_50pct,reliability_fedavg,nominal_05,0.054063364320982195,0.054063364320982195,2.728924,0,0,559,99.28443649373881,0.11167274243634398,20.248580439709436,0.5753889645928162,22.482035288436315
42,dropout_50pct,reliability_fedavg_event,nominal_05,0.05536262851498911,0.05536262851498911,1.694388,0,0,559,99.28443649373881,0.16220169851396465,20.46933702856743,0.6762809164993372,23.713370998846724
43,stale_20_sites,fedavg,nominal_05,0.06956947626531997,0.06961401691147825,6.00864,0,12,559,97.31663685152057,0.763548565709671,26.638681842779164,8.08389415743348,41.90965315697258
43,stale_20_sites,reliability_fedavg,nominal_05,0.0857761823697439,0.08552938750437712,6.00864,0,0,559,99.6422182468694,0.05996543992318298,11.506299747631173,0.10026486318660263,12.705608546094833
43,stale_20_sites,reliability_fedavg_event,nominal_05,0.07666774834065598,0.07645235159695277,3.1467,0,0,559,99.6422182468694,0.06571361597284896,11.587158099857689,0.11619512988433021,12.901430419314668
43,dropout_50pct,fedavg,nominal_05,0.08510137401099367,0.08510137401099367,3.079428,0,0,559,99.6422182468694,0.0648213549234582,12.06906828782956,0.11819614623280009,13.365495386298726
43,dropout_50pct,reliability_fedavg,nominal_05,0.08562106064737043,0.08562106064737043,3.079428,0,0,559,99.6422182468694,0.06479463627326618,11.732159377671843,0.10992198500596906,13.028052103137167
43,dropout_50pct,reliability_fedavg_event,nominal_05,0.0817449896646323,0.0817449896646323,1.569416,0,0,559,99.6422182468694,0.06474142231948057,11.80148776260636,0.11548544910310599,13.096316208995972
44,stale_20_sites,fedavg,nominal_05,0.06596105237577914,0.06672434956508708,6.00864,0,0,559,99.6422182468694,0.0522590627438669,14.548939427454705,0.12327126414194632,15.594120682332044
44,stale_20_sites,reliability_fedavg,nominal_05,0.0603426723886313,0.06094152949051861,6.00864,0,0,559,99.82110912343471,0.036321181508713184,14.228068433197308,0.23644076062121488,14.954492063371571
44,stale_20_sites,reliability_fedavg_event,nominal_05,0.05585497330950447,0.05634399985191522,3.44694,0,0,559,99.46332737030411,0.05001686232189971,15.393373545197408,0.21773883795143847,16.393710791635403
44,dropout_50pct,fedavg,nominal_05,0.06014331553298179,0.06014331553298179,2.979284,0,0,559,99.6422182468694,0.0489305992295141,15.126690855554362,0.19078289953900796,16.105302840144642
44,dropout_50pct,reliability_fedavg,nominal_05,0.060784974672183384,0.060784974672183384,2.979284,0,0,559,99.6422182468694,0.048691057540186454,14.899398626883578,0.17262102020543812,15.873219777687307
44,dropout_50pct,reliability_fedavg_event,nominal_05,0.057677310410565445,0.057677310410565445,1.619472,0,0,559,99.46332737030411,0.01605630439367195,13.485234618939732,0.15120620915201943,13.806360706813171
