scenario,paying_homes,assumed_additional_monthly_inr,known_monthly_subtotal_inr,known_subtotal_per_paying_home_inr,complete,unknown_items,status
existing_asset_incremental,50,0,4650,93.0,False,operator_labour_monthly; maintenance_monthly; connectivity_monthly; sensors_gateways_monthly; backup_energy_monthly; asset_access,"INCOMPLETE known subtotal, not an all-in price"
existing_asset_incremental,50,1000,5650,113.0,False,operator_labour_monthly; maintenance_monthly; connectivity_monthly; sensors_gateways_monthly; backup_energy_monthly; asset_access,"INCOMPLETE known subtotal, not an all-in price"
existing_asset_incremental,50,5000,9650,193.0,False,operator_labour_monthly; maintenance_monthly; connectivity_monthly; sensors_gateways_monthly; backup_energy_monthly; asset_access,"INCOMPLETE known subtotal, not an all-in price"
existing_asset_incremental,100,0,4650,46.5,False,operator_labour_monthly; maintenance_monthly; connectivity_monthly; sensors_gateways_monthly; backup_energy_monthly; asset_access,"INCOMPLETE known subtotal, not an all-in price"
existing_asset_incremental,100,1000,5650,56.5,False,operator_labour_monthly; maintenance_monthly; connectivity_monthly; sensors_gateways_monthly; backup_energy_monthly; asset_access,"INCOMPLETE known subtotal, not an all-in price"
existing_asset_incremental,100,5000,9650,96.5,False,operator_labour_monthly; maintenance_monthly; connectivity_monthly; sensors_gateways_monthly; backup_energy_monthly; asset_access,"INCOMPLETE known subtotal, not an all-in price"
new_asset_deployment,50,0,4650,93.0,False,operator_labour_monthly; maintenance_monthly; connectivity_monthly; sensors_gateways_monthly; backup_energy_monthly; replacement_provision; financing,"INCOMPLETE known subtotal, not an all-in price"
new_asset_deployment,50,1000,5650,113.0,False,operator_labour_monthly; maintenance_monthly; connectivity_monthly; sensors_gateways_monthly; backup_energy_monthly; replacement_provision; financing,"INCOMPLETE known subtotal, not an all-in price"
new_asset_deployment,50,5000,9650,193.0,False,operator_labour_monthly; maintenance_monthly; connectivity_monthly; sensors_gateways_monthly; backup_energy_monthly; replacement_provision; financing,"INCOMPLETE known subtotal, not an all-in price"
new_asset_deployment,100,0,4650,46.5,False,operator_labour_monthly; maintenance_monthly; connectivity_monthly; sensors_gateways_monthly; backup_energy_monthly; replacement_provision; financing,"INCOMPLETE known subtotal, not an all-in price"
new_asset_deployment,100,1000,5650,56.5,False,operator_labour_monthly; maintenance_monthly; connectivity_monthly; sensors_gateways_monthly; backup_energy_monthly; replacement_provision; financing,"INCOMPLETE known subtotal, not an all-in price"
new_asset_deployment,100,5000,9650,96.5,False,operator_labour_monthly; maintenance_monthly; connectivity_monthly; sensors_gateways_monthly; backup_energy_monthly; replacement_provision; financing,"INCOMPLETE known subtotal, not an all-in price"
