scenario,role,availability_pct,ens_mwh,backup_mwh,cost_score
backup_derated,existing_nominal,99.39177101967799,0.12757630138960033,16.735886431882513,19.287412459674517
backup_derated,fixed,96.88729874776386,0.8748223424249002,27.03186965460889,44.52831650310689
backup_derated,validation_guard,99.67799642218247,0.05242202764060675,11.313372139658409,12.361812692470544
backup_derated,validation_simple,98.71198568872988,0.05691936016013549,24.82885071455062,25.96723791775333
backup_unavailable,existing_nominal,98.92665474060823,0.23733545382980276,16.760064221279084,21.50677329787514
backup_unavailable,fixed,96.77996422182468,0.8836028234351527,27.035757018580817,44.70781348728387
backup_unavailable,validation_guard,96.77996422182468,0.8836028234351527,27.035757018580817,44.70781348728387
backup_unavailable,validation_simple,98.31842576028623,0.16594772467818364,24.82885071455062,28.14780520811429
cloud_burst,existing_nominal,97.85330948121646,0.5597909225676241,25.295227411385703,36.49104586273818
cloud_burst,fixed,96.88729874776386,0.8781358768476138,27.035757018580817,44.5984745555331
cloud_burst,validation_guard,96.88729874776386,0.8781358768476138,27.035757018580817,44.5984745555331
cloud_burst,validation_simple,98.71198568872988,0.05795465129540114,24.82885071455062,25.98794374045864
demand_error,existing_nominal,93.55992844364937,1.2755724143585567,16.760064221279084,42.271512508450215
demand_error,fixed,91.01967799642219,2.4945429337384324,27.035757018580817,76.92661569334946
demand_error,validation_guard,91.01967799642219,2.4945429337384324,27.035757018580817,76.92661569334946
demand_error,validation_simple,95.52772808586762,0.9337033711660411,24.82885071455062,43.50291813787145
grid_uncertainty,existing_nominal,88.80143112701252,5.91540689677023,16.760064221279084,135.06820215668367
grid_uncertainty,fixed,87.79964221824687,5.857177411521805,27.035757018580817,144.17930524901692
grid_uncertainty,validation_guard,87.79964221824687,5.857177411521805,27.035757018580817,144.17930524901692
grid_uncertainty,validation_simple,88.83720930232559,5.132587611471589,24.82885071455062,127.4806029439824
half_daily_energy,existing_nominal,97.88908765652953,0.5098469472970085,12.177578714954079,22.37451766089425
half_daily_energy,fixed,96.88729874776386,0.8748223424249002,13.544290013470796,31.0407368619688
half_daily_energy,validation_guard,96.88729874776386,0.8748223424249002,13.544290013470796,31.0407368619688
half_daily_energy,validation_simple,96.88729874776386,0.8748223424249002,13.517878509290409,31.014325357788415
normal,existing_nominal,99.39177101967799,0.12757630138960033,16.760064221279084,19.31159024907109
normal,fixed,96.88729874776386,0.8748223424249002,27.035757018580817,44.53220386707882
normal,validation_guard,99.67799642218247,0.05242202764060675,11.360952894035272,12.409393446847407
normal,validation_simple,98.71198568872988,0.05691936016013549,24.82885071455062,25.96723791775333
stale_forecast,existing_nominal,97.42397137745975,0.48856804387004205,18.02809360412403,27.799454481524872
stale_forecast,fixed,96.88729874776386,0.8748223424249002,27.035757018580817,44.53220386707882
stale_forecast,validation_guard,99.92844364937389,0.01153791570387365,10.347247661775707,10.578005975853182
stale_forecast,validation_simple,98.6046511627907,0.06206242186517692,24.804868934949983,26.04611737225352
