seed,method,rmse,mae,healthy_rmse,comm_mb,seconds
42,persistence,0.0987616323754738,0.08695845325020332,0.0987616323754738,0.0,0.011727499892003834
42,smart_persistence,0.06989353789596536,0.05133934142559801,0.06989353789596536,0.0,0.023710499983280897
42,local_only,0.06666909418330697,0.04980347378002541,0.06666909418330697,0.0,99.8940398999257
42,fedavg,0.054152948918833495,0.04051384627219932,0.054152948918833495,6.00864,20.620540600037202
42,reliability_fedavg,0.05415774424573022,0.04049032156055189,0.05415774424573022,6.00864,16.849764799932018
42,reliability_fedavg_event,0.0555865296406856,0.0419702170359882,0.0555865296406856,3.49698,11.427267299965024
43,persistence,0.09832453528679043,0.08656936575357865,0.09832453528679043,0.0,0.028325900086201727
43,smart_persistence,0.06961401691147825,0.05112492288902466,0.06961401691147825,0.0,0.045702300034463406
43,local_only,0.10111770395826315,0.0773589125855565,0.10111770395826315,0.0,88.67493769992143
43,fedavg,0.08225275512586629,0.06260769431098173,0.08225275512586629,6.00864,23.80467049998697
43,reliability_fedavg,0.08233506222016747,0.06275835670183015,0.08233506222016747,6.00864,18.041472500073723
43,reliability_fedavg_event,0.08160528430702405,0.06245756964161765,0.08160528430702405,3.17172,15.158766200067475
44,persistence,0.09839654312222897,0.08664501373305507,0.09839654312222897,0.0,0.03577660000883043
44,smart_persistence,0.06962922965908548,0.05113056116326236,0.06962922965908548,0.0,0.028849499998614192
44,local_only,0.06665050698200226,0.046836667375926136,0.06665050698200226,0.0,79.07757720001973
44,fedavg,0.05962576893899447,0.0435433786245061,0.05962576893899447,6.00864,19.11782420007512
44,reliability_fedavg,0.06002238572289034,0.043872885785883595,0.06002238572289034,6.00864,24.509916999959387
44,reliability_fedavg_event,0.06619606137715868,0.04958501976059954,0.06619606137715868,3.19674,16.380879499949515
45,persistence,0.09834650269380178,0.08660450018356372,0.09834650269380178,0.0,0.01687529997434467
45,smart_persistence,0.06951647998198165,0.05106918879912253,0.06951647998198165,0.0,0.06983609998133034
45,local_only,0.07536246623601897,0.05485656647324725,0.07536246623601897,0.0,154.72945149999578
45,fedavg,0.05457704289088203,0.039705347901054566,0.05457704289088203,6.00864,17.829897799994797
45,reliability_fedavg,0.05460819041743532,0.03908028303976445,0.05460819041743532,6.00864,18.368952100048773
45,reliability_fedavg_event,0.054553715838874924,0.03946532308393255,0.054553715838874924,3.32184,16.697296900092624
46,persistence,0.09834194524397306,0.08654550579078218,0.09834194524397306,0.0,0.016295199980959296
46,smart_persistence,0.06960491710615219,0.051133856052494646,0.06960491710615219,0.0,0.05371750006452203
46,local_only,0.06893379250573428,0.04912115889258299,0.06893379250573428,0.0,98.35796109994408
46,fedavg,0.0604459265604534,0.04294277201111993,0.0604459265604534,6.00864,20.610553700011224
46,reliability_fedavg,0.06034771079191436,0.04283123878502031,0.06034771079191436,6.00864,19.424157200031914
46,reliability_fedavg_event,0.061587326488641486,0.043546065312516466,0.061587326488641486,3.17172,12.535055400105193
