seed,model,policy,intervals,availability_pct,ens_mwh,backup_mwh,planned_uncovered_mwh,cost_score,missed_intervals,missed_requirement_too_small,missed_despite_adequate_requirement
42,gru,fixed_20pct,534,98.12734082397003,0.20732314976601257,22.744751999999988,24.05583444902117,26.89121499532024,10,0,10
42,gru,nsigma_d0.05,534,93.82022471910112,1.0960376794348885,22.4593847241187,13.405099338254566,44.38013831281647,33,4,29
42,lstm,fixed_20pct,534,98.31460674157303,0.1998630155562947,22.744751999999988,24.043168609772145,26.742012311125883,9,0,9
42,lstm,nsigma_d0.05,534,96.06741573033707,0.6535539404873998,20.680339038415262,10.860768007602482,33.75141784816326,21,4,17
42,mlp,fixed_20pct,534,98.50187265917603,0.14446023951300352,22.744751999999988,23.96529086349703,25.633956790260058,8,0,8
42,mlp,nsigma_d0.05,534,97.00374531835206,0.23937902839087982,16.2701345274512,2.584725210684425,21.057715095268797,16,11,5
43,gru,fixed_20pct,534,99.25093632958801,0.05967392065202087,24.166895999999987,25.94709605100079,25.360374413040404,4,0,4
43,gru,nsigma_d0.05,534,98.50187265917603,0.3280622850807275,19.23283034964699,6.290948022024899,25.794076051261538,8,0,8
43,lstm,fixed_20pct,534,99.25093632958801,0.05967392065202087,24.166895999999987,25.947372630231538,25.360374413040404,4,0,4
43,lstm,nsigma_d0.05,534,98.68913857677903,0.30487438669681804,17.415170673493662,4.779075449237514,23.512658407430024,7,0,7
43,mlp,fixed_20pct,534,98.87640449438202,0.11065848256277894,24.166895999999987,25.736677310873276,26.380065651255567,6,0,6
43,mlp,nsigma_d0.05,534,97.37827715355806,0.18102977892301883,17.50285545596086,2.370513956571959,21.123451034421237,14,10,4
44,gru,fixed_20pct,534,99.812734082397,0.003337175886338639,25.072751999999987,27.02878991646559,25.13949551772676,1,0,1
44,gru,nsigma_d0.05,534,98.50187265917603,0.4400606243525702,19.52353876225503,6.900767082015108,28.324751249306434,8,0,8
44,lstm,fixed_20pct,534,98.87640449438202,0.14458464689313677,25.072751999999987,26.732615529549488,27.964444937862723,6,0,6
44,lstm,nsigma_d0.05,534,94.9438202247191,0.610867938144459,21.478829602663623,7.890014603988165,33.6961883655528,27,18,9
44,mlp,fixed_20pct,534,98.31460674157303,0.21038611842484886,25.072751999999987,26.52799184181987,29.280474368496964,9,0,9
44,mlp,nsigma_d0.05,534,98.31460674157303,0.29596315276023666,20.578754961150317,3.37697915857447,26.49801801635505,9,1,8
45,gru,fixed_20pct,534,98.12734082397003,0.26315748648971893,23.31249599999999,24.581119153939248,28.575645729794367,10,0,10
45,gru,nsigma_d0.05,534,96.06741573033707,0.48669955968074274,19.950393759140752,6.549251930691292,29.684384952755607,21,12,9
45,lstm,fixed_20pct,534,98.87640449438202,0.1361541948320508,23.31249599999999,24.767407786060993,26.035579896641003,6,0,6
45,lstm,nsigma_d0.05,534,96.62921348314607,0.43833142464546904,19.288709042846797,6.153311508938672,28.055337535756177,18,10,8
45,mlp,fixed_20pct,534,99.43820224719101,0.06181486293536986,23.31249599999999,24.81557936498519,24.548793258707384,3,0,3
45,mlp,nsigma_d0.05,534,98.12734082397003,0.2742895482156778,17.335358971644084,2.9799570604479486,22.82114993595764,10,5,5
46,gru,fixed_20pct,534,98.12734082397003,0.28751222366457313,23.726927999999994,25.06722133678641,29.477172473291457,10,0,10
46,gru,nsigma_d0.05,534,96.06741573033707,0.5627713834447909,19.110367041417845,5.667641617445914,30.365794710313665,21,12,9
46,lstm,fixed_20pct,534,97.75280898876404,0.3642332683059784,23.72692799999999,25.003350357305592,31.01159336611956,12,0,12
46,lstm,nsigma_d0.05,534,96.25468164794007,0.5708641593710415,19.848316728240455,5.771321653021321,31.265599915661284,20,9,11
46,mlp,fixed_20pct,534,97.19101123595506,0.4979003558276929,23.72692799999999,24.877214406509566,33.684935116553845,15,0,15
46,mlp,nsigma_d0.05,534,97.19101123595506,0.35391310108264656,19.623673812445503,2.9420181984708833,26.701935834098435,15,10,5
